sub,trial,uncertain_word,valence,arousal,rt
1,1,questionable,-75,154,5.25
1,2,erratic,-188,192,4.083
1,3,uncertain,-103,162,8.711
1,4,definite,107,-57,3.234
1,5,doubtful,-193,84,4.787
1,6,unknown,-53,211,4.674
1,7,ambiguous,0,193,3.895
1,8,predictable,54,-208,5.474
1,9,frequent,30,-84,3.93
1,10,improbable,-108,65,6.54
1,11,possible,2,96,4.693
1,12,likely,-29,166,5.007
1,13,confident,182,120,3.555
1,14,inevitable,209,-226,4.114
1,15,unexpected,-7,163,3.902
1,16,vague,-124,43,6.881
1,17,certain,48,-193,3.351
1,18,risky,0,213,6.465
2,1,doubtful,-73,-39,13.51
2,2,possible,116,82,3.515
2,3,inevitable,0,69,5.569
2,4,risky,2,131,10.679
2,5,unexpected,1,-27,3.596
2,6,confident,16,-214,6.651
2,7,questionable,-171,60,3.702
2,8,predictable,23,-143,11.18
2,9,erratic,11,-72,2.762
2,10,certain,206,-195,3.538
2,11,frequent,210,82,4.115
2,12,ambiguous,-149,-108,3.567
2,13,definite,139,102,3.26
2,14,uncertain,-138,-203,4.038
2,15,improbable,-158,-65,2.676
2,16,likely,-86,77,4.967
2,17,vague,-71,-112,3.246
2,18,unknown,-84,-119,2.854
3,1,risky,-148,161,6.971
3,2,erratic,-193,80,3.287
3,3,inevitable,-124,-201,4.395
3,4,likely,-161,-166,2.745
3,5,possible,89,-41,4.279
3,6,frequent,201,20,5.218
3,7,certain,103,102,2.201
3,8,unknown,-28,-46,4.992
3,9,improbable,-99,-35,4.553
3,10,doubtful,-128,-107,4.143
3,11,confident,195,150,2.867
3,12,ambiguous,-1,-3,2.714
3,13,unexpected,-27,123,4.593
3,14,uncertain,-77,-89,3.451
3,15,questionable,-22,17,3.505
3,16,vague,-86,-140,3.181
3,17,predictable,24,-64,3.426
3,18,definite,38,180,3.437
4,1,risky,-213,210,5.749
4,2,predictable,163,-212,4.322
4,3,likely,-235,-240,3.631
4,4,inevitable,124,133,4.671
4,5,improbable,-226,33,3.546
4,6,confident,243,241,5.861
4,7,uncertain,-237,-239,7.838
4,8,frequent,165,181,3.447
4,9,vague,-7,11,8.02
4,10,questionable,-30,-56,5.985
4,11,possible,137,230,4.75
4,12,erratic,-135,-243,3.885
4,13,ambiguous,30,61,4.884
4,14,doubtful,-127,35,3.83
4,15,unexpected,-84,161,3.797
4,16,definite,240,42,4.552
4,17,unknown,-66,71,3.101
4,18,certain,197,117,6.014
5,1,likely,-143,5,11.576
5,2,ambiguous,-54,17,8.391
5,3,questionable,-36,-25,17.926
5,4,definite,52,13,5.618
5,5,unexpected,1,52,101.984
5,6,risky,-28,59,5.966
5,7,inevitable,41,73,6.446
5,8,unknown,-57,86,4.765
5,9,predictable,119,-36,6.11
5,10,improbable,-72,-35,5.089
5,11,erratic,-127,190,5.183
5,12,certain,104,37,4.364
5,13,frequent,6,3,5.32
5,14,doubtful,-11,-13,4.04
5,15,confident,202,69,5.846
5,16,uncertain,-204,42,5.564
5,17,vague,1,6,3.758
5,18,possible,172,108,7.324
6,1,inevitable,-93,-228,22.406
6,2,unexpected,-50,168,10.151
6,3,doubtful,-89,-39,4.048
6,4,definite,171,-100,6.17
6,5,unknown,-2,143,6.697
6,6,likely,-107,64,13.52
6,7,questionable,-45,33,4.929
6,8,ambiguous,-12,113,5.029
6,9,confident,157,42,6.608
6,10,frequent,2,45,6.392
6,11,improbable,-32,-74,6.5
6,12,certain,172,1,6.578
6,13,possible,56,95,7.141
6,14,risky,-134,117,4.485
6,15,uncertain,-80,44,6.478
6,16,predictable,35,-106,6.996
6,17,vague,-91,63,8.204
6,18,erratic,-61,175,4.502
7,1,certain,31,28,21.102
7,2,uncertain,-40,27,6.758
7,3,questionable,-37,-44,7.241
7,4,likely,-59,1,9.166
7,5,frequent,-1,0,8.778
7,6,ambiguous,-1,1,5.683
7,7,erratic,-232,206,12.675
7,8,unexpected,0,201,13.473
7,9,definite,0,1,10.753
7,10,improbable,-36,1,7.352
7,11,inevitable,-50,2,13.211
7,12,doubtful,-78,0,9.726
7,13,risky,-170,237,9.668
7,14,vague,-6,0,23.15
7,15,possible,94,0,8.027
7,16,unknown,1,1,4.794
7,17,confident,130,136,8.982
7,18,predictable,1,1,9.005
8,1,unknown,1,3,19.769
8,2,likely,-125,-110,14.637
8,3,erratic,-131,123,9.384
8,4,confident,135,183,7.698
8,5,certain,21,36,15.612
8,6,uncertain,-31,-35,8.381
8,7,definite,-1,214,6.994
8,8,questionable,0,-1,8.784
8,9,possible,98,16,11.272
8,10,unexpected,0,146,14.493
8,11,predictable,1,-183,12.223
8,12,improbable,-62,-56,10.422
8,13,risky,1,163,10.748
8,14,ambiguous,-1,2,8.15
8,15,vague,-1,-2,6.466
8,16,frequent,-3,2,9.408
8,17,inevitable,2,0,18.155
8,18,doubtful,-84,-119,6.826
10,1,definite,206,113,7.076
10,2,confident,172,198,3.487
10,3,uncertain,-200,91,4.823
10,4,certain,103,145,8.316
10,5,unexpected,-181,-77,4.842
10,6,improbable,-60,-22,8.838
10,7,likely,-188,-161,4.862
10,8,predictable,8,107,6.82
10,9,doubtful,-153,-121,4.342
10,10,vague,-29,-134,5.783
10,11,risky,-151,213,4.952
10,12,unknown,-88,-203,8.909
10,13,ambiguous,-25,-52,4.266
10,14,frequent,6,176,6.775
10,15,questionable,-209,104,4.773
10,16,inevitable,25,223,5.697
10,17,possible,69,84,4.264
10,18,erratic,-119,243,4.756
13,1,erratic,-132,102,18.264
13,2,inevitable,-67,3,5.018
13,3,unexpected,-66,-2,3.064
13,4,risky,-208,161,3.249
13,5,possible,86,1,2.803
13,6,certain,176,116,4.867
13,7,questionable,-1,4,4.349
13,8,likely,-44,-39,5.313
13,9,doubtful,-48,-57,3.09
13,10,confident,184,203,5.218
13,11,predictable,95,59,4.248
13,12,frequent,143,-2,2.526
13,13,uncertain,-38,1,3.565
13,14,ambiguous,4,-109,2.774
13,15,definite,172,178,3.826
13,16,improbable,40,158,9.247
13,17,vague,-4,0,12.472
13,18,unknown,-57,-49,3.126
16,1,unknown,19,-233,7.127
16,2,possible,154,27,2.869
16,3,confident,146,84,2.361
16,4,uncertain,-182,-89,3.615
16,5,doubtful,-155,-224,3.823
16,6,certain,158,183,2.392
16,7,erratic,-108,160,2.799
16,8,definite,217,223,4.387
16,9,unexpected,73,109,5.526
16,10,frequent,19,15,5.648
16,11,risky,-222,-221,4.463
16,12,predictable,94,116,3.377
16,13,ambiguous,-140,118,2.921
16,14,likely,-111,-166,2.88
16,15,improbable,182,-161,5.615
16,16,inevitable,237,188,3.066
16,17,questionable,-202,146,2.815
16,18,vague,-136,-185,2.409
17,1,possible,-1,1,11.067
17,2,unexpected,-1,128,10.678
17,3,improbable,0,149,20.709
17,4,definite,0,-114,9.272
17,5,questionable,-1,55,13.407
17,6,likely,0,39,10.512
17,7,doubtful,-1,39,6.676
17,8,confident,49,0,12.982
17,9,ambiguous,-1,17,9.193
17,10,inevitable,0,-94,8.903
17,11,predictable,1,-82,10.131
17,12,risky,-19,199,14.419
17,13,certain,-1,-143,11.063
17,14,erratic,-3,209,8.948
17,15,unknown,0,71,8.249
17,16,frequent,0,-32,10.166
17,17,uncertain,-3,72,16.947
17,18,vague,-43,24,11.827
18,1,frequent,-1,130,7.511
18,2,questionable,-112,63,5.092
18,3,predictable,73,146,3.705
18,4,possible,154,155,4.044
18,5,improbable,-166,-20,4.46
18,6,vague,-26,-128,2.83
18,7,likely,-102,-41,2.532
18,8,risky,-197,210,5.174
18,9,certain,111,-150,3.209
18,10,doubtful,-163,-45,3.237
18,11,unexpected,-36,225,3.345
18,12,erratic,-102,186,7.26
18,13,uncertain,-37,-121,2.227
18,14,ambiguous,4,-12,2.475
18,15,inevitable,65,198,2.754
18,16,confident,184,48,8.978
18,17,definite,187,40,2.041
18,18,unknown,-1,-3,3.479
21,1,unexpected,-200,-190,4.559
21,2,likely,-47,-91,6.117
21,3,improbable,-78,-119,2.524
21,4,unknown,-69,-90,3.481
21,5,risky,-215,165,7.775
21,6,confident,203,166,4.061
21,7,vague,-202,-95,4.523
21,8,predictable,209,-218,4.519
21,9,inevitable,206,-186,3.533
21,10,uncertain,-135,107,4.233
21,11,frequent,91,25,4.437
21,12,certain,185,167,4.188
21,13,erratic,-216,212,3.442
21,14,ambiguous,-140,-34,4.144
21,15,questionable,-179,145,3.765
21,16,possible,224,1,4.858
21,17,doubtful,-106,2,3.828
21,18,definite,117,190,3.589
22,1,likely,-91,-82,3.551
22,2,confident,129,104,2.024
22,3,ambiguous,41,-70,2.138
22,4,unknown,-62,-98,1.646
22,5,questionable,-70,49,1.933
22,6,predictable,47,-63,4.641
22,7,risky,-45,-31,1.954
22,8,certain,77,70,1.313
22,9,definite,87,61,1.488
22,10,uncertain,-115,39,2.35
22,11,improbable,-32,-40,1.819
22,12,vague,-46,60,2.321
22,13,inevitable,-52,30,2.089
22,14,possible,134,83,1.803
22,15,unexpected,-48,40,1.513
22,16,frequent,122,77,1.347
22,17,doubtful,-131,60,1.765
22,18,erratic,-96,139,4.014
23,1,questionable,-56,-45,5.65
23,2,frequent,13,191,3.726
23,3,unexpected,-115,-129,3.589
23,4,erratic,3,225,3.747
23,5,doubtful,-140,6,2.867
23,6,confident,169,140,4.705
23,7,possible,27,63,5.001
23,8,predictable,107,-120,4.984
23,9,likely,-77,-1,4.419
23,10,certain,160,140,4.785
23,11,inevitable,-53,-85,7.902
23,12,improbable,-73,-48,4.838
23,13,ambiguous,107,166,13.127
23,14,definite,235,-5,4.372
23,15,risky,-55,204,3.818
23,16,vague,-96,-74,3.026
23,17,uncertain,-63,-74,3.252
23,18,unknown,-47,-36,2.253
24,1,predictable,-3,-146,8.135
24,2,doubtful,-117,-40,3.604
24,3,inevitable,135,208,2.895
24,4,frequent,47,112,3.397
24,5,certain,181,69,3.976
24,6,improbable,-96,136,5.698
24,7,unexpected,115,30,6.083
24,8,confident,166,219,2.224
24,9,erratic,-148,158,4.237
24,10,unknown,1,3,3.52
24,11,risky,-38,220,3.291
24,12,definite,201,213,3.114
24,13,possible,57,-64,3.901
24,14,likely,-113,-96,2.796
24,15,questionable,-71,-30,4.273
24,16,vague,-85,-69,2.886
24,17,uncertain,-85,-131,3.791
24,18,ambiguous,1,-43,3.771
26,1,vague,-52,1,7.446
26,2,confident,136,137,4.484
26,3,doubtful,-95,81,3.843
26,4,ambiguous,5,-102,4.489
26,5,predictable,207,-189,6.191
26,6,erratic,-148,187,3.279
26,7,unexpected,0,185,4.15
26,8,risky,-35,198,4.042
26,9,questionable,-73,43,4.702
26,10,likely,-83,-170,3.144
26,11,uncertain,-134,-79,8.524
26,12,improbable,164,-85,5.021
26,13,frequent,214,-190,3.949
26,14,possible,83,32,6.934
26,15,unknown,4,-2,2.971
26,16,certain,187,89,4.04
26,17,inevitable,48,86,8.284
26,18,definite,156,-159,5.662
27,1,unknown,-118,-98,12.066
27,2,possible,51,76,4.629
27,3,confident,208,135,5.678
27,4,unexpected,-138,98,5.741
27,5,questionable,-77,-37,4.233
27,6,likely,-154,-81,3.904
27,7,predictable,23,-144,5.983
27,8,ambiguous,2,1,3.905
27,9,doubtful,-101,98,5.76
27,10,risky,-9,166,4.128
27,11,improbable,-175,-42,3.878
27,12,definite,190,187,3.58
27,13,vague,-14,-15,5.861
27,14,certain,237,29,4.915
27,15,uncertain,-176,-40,4.929
27,16,frequent,15,-16,7.096
27,17,inevitable,165,-19,18.547
27,18,erratic,-63,226,5.023
28,1,likely,-49,-14,21.72
28,2,unknown,-7,-7,14.002
28,3,predictable,13,10,12.352
28,4,inevitable,1,16,15.221
28,5,unexpected,1,167,10.46
28,6,vague,-8,-8,7.578
28,7,ambiguous,-5,-9,10.516
28,8,risky,-59,185,17.48
28,9,possible,0,-1,7.546
28,10,erratic,-114,231,9.416
28,11,confident,250,74,11.625
28,12,certain,0,108,17.333
28,13,uncertain,-17,18,9.344
28,14,questionable,-134,15,10.638
28,15,frequent,2,42,10.562
28,16,definite,2,57,6.101
28,17,doubtful,-19,-67,11.217
28,18,improbable,-44,-27,16.242
29,1,improbable,1,-1,3.371
29,2,uncertain,2,1,1.705
29,3,likely,-3,-1,1.541
29,4,ambiguous,-1,-2,0.887
29,5,frequent,3,-3,1.362
29,6,definite,112,-6,2.263
29,7,predictable,2,-1,2.514
29,8,erratic,-81,-45,3.901
29,9,risky,-13,-11,3.747
29,10,confident,20,9,2.744
29,11,unknown,0,0,1.555
29,12,questionable,2,0,1.441
29,13,possible,0,-2,0.899
29,14,certain,0,1,1.009
29,15,inevitable,1,-2,1.66
29,16,vague,0,-1,0.582
29,17,doubtful,-1,-2,0.89
29,18,unexpected,1,0,1.563
32,1,predictable,33,33,11.967
32,2,ambiguous,-151,-102,12.596
32,3,improbable,-174,94,2.6
32,4,likely,-176,-140,3.487
32,5,definite,153,179,2.336
32,6,certain,143,164,2.012
32,7,inevitable,158,-132,3.746
32,8,vague,-221,-48,4.741
32,9,uncertain,-11,10,2.866
32,10,risky,-203,206,3.265
32,11,frequent,91,68,2.456
32,12,unexpected,-53,-133,3.974
32,13,unknown,-1,5,2.294
32,14,confident,166,26,2.3
32,15,doubtful,-137,-24,4.464
32,16,possible,63,51,2.052
32,17,erratic,-113,62,4.599
32,18,questionable,-21,-128,5.637
33,1,ambiguous,53,59,16.778
33,2,improbable,-198,-127,5.228
33,3,risky,-178,166,2.648
33,4,unknown,-1,88,4.7
33,5,possible,48,65,3.044
33,6,confident,42,212,2.471
33,7,certain,170,97,3.25
33,8,erratic,175,199,2.406
33,9,frequent,28,120,5.4
33,10,doubtful,11,-126,2.653
33,11,uncertain,-156,-19,3.113
33,12,vague,-39,-63,2.353
33,13,likely,-22,-27,2.249
33,14,predictable,10,197,2.615
33,15,inevitable,-79,94,2.93
33,16,questionable,17,168,2.569
33,17,definite,106,124,5.015
33,18,unexpected,-141,-110,9.463
34,1,confident,42,73,3.208
34,2,certain,10,53,3.6
34,3,doubtful,-81,-73,3.239
34,4,improbable,-76,-128,3.281
34,5,ambiguous,-106,-55,4.576
34,6,erratic,-158,82,8.508
34,7,predictable,143,-1,7.959
34,8,risky,-121,53,4.517
34,9,unknown,-193,1,5.928
34,10,unexpected,-186,42,5.093
34,11,uncertain,-202,71,3.71
34,12,frequent,67,53,6.21
34,13,inevitable,4,-1,9.148
34,14,likely,-144,-38,3.904
34,15,vague,-135,-1,6.192
34,16,questionable,-64,1,4.851
34,17,possible,58,84,3.043
34,18,definite,167,119,5.126
35,1,confident,105,73,7.866
35,2,ambiguous,-85,58,6.686
35,3,improbable,-86,-85,4.509
35,4,predictable,20,21,4.559
35,5,doubtful,-151,81,4.595
35,6,uncertain,-187,190,5.308
35,7,questionable,-119,58,4.762
35,8,definite,210,125,3.505
35,9,likely,-95,-89,4.127
35,10,certain,130,185,3.998
35,11,unknown,-124,149,7.095
35,12,inevitable,-2,181,8.987
35,13,erratic,-216,219,4.84
35,14,risky,-97,240,4.047
35,15,unexpected,-22,228,3.502
35,16,frequent,91,143,3.229
35,17,vague,-155,-45,6.575
35,18,possible,43,-36,3.481
36,1,frequent,161,110,7.322
36,2,improbable,-172,-151,11.045
36,3,questionable,-99,115,5.763
36,4,inevitable,-154,209,11.018
36,5,risky,-236,229,5.832
36,6,vague,-22,-53,7.017
36,7,predictable,242,-244,7.36
36,8,unexpected,-26,175,11.534
36,9,possible,38,56,6.683
36,10,ambiguous,-165,-131,12.681
36,11,certain,227,39,6.875
36,12,erratic,-242,190,8.435
36,13,likely,-19,-22,8.151
36,14,confident,232,124,9.04
36,15,definite,94,138,7.856
36,16,doubtful,-105,23,10.141
36,17,unknown,-19,165,9.4
36,18,uncertain,-12,41,11.351
37,1,uncertain,-89,-93,8.467
37,2,unknown,-19,-15,5.056
37,3,predictable,67,22,4.157
37,4,confident,174,184,3.508
37,5,vague,-16,-55,5.286
37,6,risky,-212,-94,6.867
37,7,erratic,-206,-31,5.389
37,8,unexpected,-14,-95,4.682
37,9,frequent,16,119,5.287
37,10,definite,74,23,4.269
37,11,doubtful,-34,-71,4.692
37,12,certain,100,42,4.238
37,13,possible,94,77,4.186
37,14,ambiguous,-1,1,3.891
37,15,likely,-26,-39,2.907
37,16,improbable,-110,-49,2.283
37,17,inevitable,-59,12,6.007
37,18,questionable,-79,42,3.852
38,1,inevitable,-118,98,6.236
38,2,improbable,150,-206,5.493
38,3,certain,139,138,3.215
38,4,ambiguous,-184,133,4.349
38,5,erratic,-181,227,3.423
38,6,unknown,-127,176,6.525
38,7,definite,128,88,11.089
38,8,possible,142,-93,11.871
38,9,doubtful,-160,-113,3.5
38,10,predictable,183,-71,3.509
38,11,confident,210,-21,2.462
38,12,likely,-129,-20,2.854
38,13,unexpected,-172,194,2.771
38,14,questionable,-94,-38,4.517
38,15,vague,-206,-38,4.457
38,16,risky,-219,238,2.636
38,17,frequent,66,183,4.522
38,18,uncertain,-183,193,3.265
39,1,inevitable,-78,-39,6.509
39,2,questionable,-52,-100,4.8
39,3,unexpected,-51,94,4.912
39,4,improbable,-19,-17,6.048
39,5,frequent,47,43,4.135
39,6,risky,-92,119,3.905
39,7,ambiguous,-12,-160,4.511
39,8,possible,66,-43,2.454
39,9,vague,-27,-134,4.475
39,10,unknown,-24,-35,4.387
39,11,likely,-43,56,3.312
39,12,confident,96,102,2.498
39,13,predictable,24,74,6.636
39,14,doubtful,-21,-26,8.757
39,15,certain,36,93,2.86
39,16,erratic,-68,-82,3.151
39,17,uncertain,-27,90,6.728
39,18,definite,42,119,5.52
40,1,uncertain,-159,108,12.282
40,2,vague,-150,165,9.195
40,3,possible,101,192,11.228
40,4,predictable,241,243,8.236
40,5,frequent,103,152,5.888
40,6,likely,-136,89,8.064
40,7,questionable,-161,158,13.091
40,8,inevitable,-2,239,13.228
40,9,risky,-182,193,4.998
40,10,unexpected,0,220,15.697
40,11,unknown,0,183,18.963
40,12,confident,191,225,8.923
40,13,doubtful,-208,195,10.885
40,14,certain,241,245,10.564
40,15,improbable,-180,130,15.161
40,16,definite,1,201,13.951
40,17,erratic,-215,154,8.03
40,18,ambiguous,-162,120,6.994
41,1,ambiguous,-111,166,7.206
41,2,possible,145,162,4.989
41,3,questionable,-48,6,5.938
41,4,uncertain,-219,229,3.597
41,5,improbable,-175,-18,7.372
41,6,inevitable,0,220,27.534
41,7,unexpected,-243,246,5.332
41,8,frequent,157,202,3.897
41,9,predictable,243,244,3.207
41,10,erratic,-205,219,3.657
41,11,vague,-194,196,6.137
41,12,risky,-184,208,4.587
41,13,certain,238,240,3.257
41,14,unknown,-29,-117,6.533
41,15,likely,-128,-125,3.66
41,16,doubtful,-135,-142,2.633
41,17,definite,223,221,2.85
41,18,confident,-106,-38,6.575
42,1,inevitable,-200,-80,12.901
42,2,likely,-69,-58,6.483
42,3,doubtful,-97,-65,6.866
42,4,certain,38,129,6.373
42,5,uncertain,-146,89,4.809
42,6,unexpected,-156,207,5.88
42,7,frequent,146,-89,3.799
42,8,unknown,-167,68,5.28
42,9,improbable,-64,34,7.732
42,10,risky,-183,-168,5.958
42,11,confident,194,142,3.883
42,12,possible,54,95,5.399
42,13,questionable,-108,59,5.279
42,14,predictable,188,-49,6.192
42,15,ambiguous,-63,56,6.487
42,16,erratic,-155,144,4.984
42,17,vague,-70,59,6.793
42,18,definite,173,138,12.508
44,1,inevitable,210,34,11.58
44,2,improbable,101,43,2.75
44,3,ambiguous,169,92,2.38
44,4,risky,-133,-175,5.122
44,5,frequent,135,26,4.013
44,6,erratic,23,26,7.367
44,7,doubtful,-221,-195,3.492
44,8,likely,-190,-49,2.017
44,9,confident,222,13,2.935
44,10,unexpected,-94,-183,3.309
44,11,predictable,159,37,3.037
44,12,certain,144,61,1.837
44,13,questionable,-21,40,4.714
44,14,possible,164,35,2.41
44,15,definite,230,6,2.218
44,16,vague,210,21,1.843
44,17,unknown,-220,-25,2.531
44,18,uncertain,-199,-25,2.266
45,1,risky,-178,199,18.005
45,2,frequent,26,15,7.792
45,3,inevitable,80,137,6.797
45,4,questionable,-186,-87,6.014
45,5,possible,245,241,3.815
45,6,uncertain,-242,-246,4.92
45,7,ambiguous,0,2,4.282
45,8,improbable,-152,-168,7.883
45,9,confident,243,245,3.979
45,10,vague,-122,-127,5.979
45,11,predictable,-1,2,5.651
45,12,unknown,26,32,6.696
45,13,erratic,-247,-240,4.02
45,14,doubtful,-97,-54,5.2
45,15,unexpected,-143,-70,4.343
45,16,definite,137,109,6.765
45,17,likely,-149,-113,3.671
45,18,certain,151,150,6.592
46,1,definite,103,165,8.809
46,2,certain,118,123,6.466
46,3,unexpected,-71,-46,7.322
46,4,ambiguous,-134,-153,3.461
46,5,uncertain,-129,-109,3.118
46,6,unknown,-66,-93,6.078
46,7,erratic,-201,-199,3.59
46,8,vague,-184,-173,4.632
46,9,likely,-147,-56,4.591
46,10,possible,55,169,3.604
46,11,confident,200,151,425.017
46,12,inevitable,184,196,4.534
46,13,doubtful,-92,71,5.97
46,14,questionable,-79,-91,3.934
46,15,risky,-224,-87,3.531
46,16,predictable,219,204,4.386
46,17,frequent,103,39,3.314
46,18,improbable,-70,-42,6.704
48,1,vague,-72,-44,5.008
48,2,questionable,-57,1,5.679
48,3,inevitable,2,153,4.559
48,4,unexpected,-1,39,3.617
48,5,doubtful,-69,13,5.416
48,6,ambiguous,4,1,4.735
48,7,possible,5,13,3.949
48,8,certain,73,185,9.97
48,9,erratic,-149,56,5.095
48,10,likely,-49,5,2.144
48,11,confident,55,6,2.257
48,12,definite,2,0,2.835
48,13,risky,-94,5,2.552
48,14,frequent,3,29,4.01
48,15,predictable,152,61,2.705
48,16,uncertain,-21,6,7.982
48,17,improbable,-44,12,2.893
48,18,unknown,-31,-4,2.376
49,1,certain,57,13,10.636
49,2,likely,-22,-8,8.603
49,3,risky,-1,104,7.725
49,4,erratic,1,182,6.104
49,5,uncertain,-6,-15,9.134
49,6,predictable,-2,-118,7.272
49,7,inevitable,-78,77,7.63
49,8,unexpected,41,37,8.424
49,9,improbable,-155,30,5.818
49,10,questionable,-73,-70,7.722
49,11,doubtful,-59,-60,8.471
49,12,vague,-110,64,6.094
49,13,possible,97,13,6.699
49,14,unknown,2,212,6.913
49,15,confident,196,199,3.823
49,16,frequent,38,-89,4.39
49,17,definite,126,81,5.542
49,18,ambiguous,0,122,8.303
50,1,possible,165,104,6.859
50,2,definite,67,-59,16.373
50,3,questionable,-1,152,5.573
50,4,unknown,-1,138,5.615
50,5,vague,1,12,8.695
50,6,ambiguous,-1,46,7.109
50,7,likely,-39,-15,8.324
50,8,erratic,-20,185,5.609
50,9,inevitable,33,1,9.946
50,10,doubtful,-18,-17,7.565
50,11,frequent,1,2,5.714
50,12,predictable,17,-125,8.9
50,13,unexpected,0,183,4.805
50,14,risky,-59,162,8.118
50,15,improbable,5,-5,7.128
50,16,certain,104,-96,6.24
50,17,confident,164,-19,8.496
50,18,uncertain,-1,171,5.17
51,1,possible,143,133,11.991
51,2,doubtful,-218,161,5.454
51,3,inevitable,209,219,5.3
51,4,ambiguous,2,1,5.047
51,5,unexpected,-162,-6,4.616
51,6,definite,4,237,5.012
51,7,improbable,0,-128,3.764
51,8,risky,1,244,4.906
51,9,frequent,113,142,4.112
51,10,unknown,22,-89,5.166
51,11,likely,-69,-160,9.594
51,12,uncertain,-51,-139,7.163
51,13,questionable,-19,-83,20.794
51,14,certain,227,139,5.605
51,15,vague,22,-38,3.869
51,16,predictable,126,105,4.713
51,17,erratic,-1,244,4.448
51,18,confident,179,163,3.92
52,1,predictable,98,-18,8.718
52,2,possible,137,81,3.357
52,3,risky,-123,85,4.06
52,4,vague,-57,-41,6.941
52,5,erratic,-130,184,5.13
52,6,likely,-38,-98,4.422
52,7,unknown,-124,31,3.963
52,8,uncertain,-111,26,3.384
52,9,doubtful,-68,45,3.413
52,10,questionable,-63,95,4.053
52,11,improbable,-102,-33,4.551
52,12,frequent,11,-22,2.388
52,13,unexpected,107,50,5.229
52,14,definite,100,-152,5.427
52,15,ambiguous,-16,-134,3.269
52,16,inevitable,-130,25,5.296
52,17,certain,-15,-108,4.317
52,18,confident,166,114,3.588
54,1,certain,0,219,11.655
54,2,unknown,-122,0,7.614
54,3,improbable,-106,121,13.864
54,4,definite,134,117,4.005
54,5,ambiguous,1,-42,4.269
54,6,erratic,-83,219,5.042
54,7,confident,220,158,6.624
54,8,risky,-151,222,7.714
54,9,questionable,-45,-79,3.888
54,10,inevitable,2,177,6.752
54,11,predictable,-1,125,5.329
54,12,vague,2,23,3.883
54,13,unexpected,-48,176,6.898
54,14,frequent,56,114,7.064
54,15,doubtful,-141,-15,5.673
54,16,uncertain,-22,-1,6.218
54,17,possible,28,1,3.136
54,18,likely,-102,0,4.806
55,1,ambiguous,-144,-168,22.1
55,2,uncertain,-71,-156,10.308
55,3,predictable,106,-54,16.989
55,4,confident,135,36,11.036
55,5,risky,-19,192,11.506
55,6,doubtful,-125,-195,10.223
55,7,unknown,-160,-187,7.724
55,8,certain,-18,96,5.721
55,9,frequent,-22,65,4.706
55,10,inevitable,25,150,4.254
55,11,vague,-41,-37,3.863
55,12,questionable,-33,-54,6.437
55,13,possible,54,-33,7.518
55,14,erratic,-33,-163,9.185
55,15,likely,-139,-176,3.723
55,16,improbable,-81,-196,7.407
55,17,definite,54,147,11.61
55,18,unexpected,24,121,10.386
56,1,vague,-69,-126,10.671
56,2,predictable,133,-68,8.344
56,3,erratic,-100,102,5.849
56,4,frequent,-1,151,11.728
56,5,questionable,-122,97,6.646
56,6,unexpected,-62,195,8.596
56,7,improbable,-51,-47,14.072
56,8,certain,186,-32,6.32
56,9,likely,-130,-40,6.16
56,10,unknown,-135,186,6.111
56,11,confident,185,195,4.558
56,12,uncertain,-101,149,7.378
56,13,doubtful,-187,95,6.345
56,14,inevitable,154,-145,6.153
56,15,risky,-183,199,2.417
56,16,ambiguous,-40,-15,5.063
56,17,definite,171,-159,12.606
56,18,possible,144,-134,4.341
57,1,vague,-2,-163,8.887
57,2,certain,234,216,6.092
57,3,risky,-230,207,5.069
57,4,improbable,-124,-233,7.818
57,5,doubtful,-165,170,6.622
57,6,possible,232,67,3.918
57,7,uncertain,-175,188,5.084
57,8,definite,242,242,3.305
57,9,confident,233,197,9.86
57,10,questionable,-86,113,7.52
57,11,erratic,-227,237,5.758
57,12,ambiguous,-47,-87,5.1
57,13,frequent,202,27,11.582
57,14,predictable,137,-156,7.832
57,15,unknown,-59,182,8.413
57,16,inevitable,21,-129,11.119
57,17,likely,-146,-44,7.282
57,18,unexpected,-52,238,75.532
59,1,unknown,5,-74,11.985
59,2,possible,5,30,8.286
59,3,predictable,0,-3,8.252
59,4,erratic,-175,-19,12.195
59,5,confident,212,227,6.037
59,6,questionable,0,-7,19.901
59,7,uncertain,-61,-199,16.4
59,8,vague,-64,-170,4.435
59,9,definite,-3,-79,7.618
59,10,unexpected,-5,-1,4.237
59,11,inevitable,-105,-132,10.306
59,12,doubtful,-86,-198,6.09
59,13,certain,98,-17,5.663
59,14,frequent,4,-15,4.628
59,15,likely,-2,-16,5.274
59,16,ambiguous,-94,-15,5.561
59,17,risky,-42,-155,4.527
59,18,improbable,-11,-19,8.498
60,1,likely,-109,17,18.255
60,2,unknown,-159,-69,5.685
60,3,possible,57,35,5.008
60,4,ambiguous,2,-1,8.509
60,5,questionable,0,122,8.55
60,6,risky,-1,239,5.493
60,7,erratic,-171,201,4.855
60,8,unexpected,0,6,9.089
60,9,vague,-90,-216,5.877
60,10,inevitable,233,122,7.034
60,11,confident,243,246,4.676
60,12,definite,241,245,4.32
60,13,improbable,-147,203,4.649
60,14,predictable,210,217,4.264
60,15,uncertain,-165,-62,7.13
60,16,certain,242,226,6.064
60,17,doubtful,-207,219,6.743
60,18,frequent,137,80,4.344
61,1,confident,73,100,6.932
61,2,inevitable,-60,182,8.464
61,3,improbable,-68,54,6.561
61,4,erratic,-36,203,4.051
61,5,frequent,71,121,6.405
61,6,definite,46,30,4.815
61,7,vague,-88,-80,6.133
61,8,doubtful,-129,22,7.408
61,9,possible,142,48,4.406
61,10,uncertain,-109,114,4.567
61,11,predictable,49,-133,5.663
61,12,unknown,-84,144,4.165
61,13,questionable,-87,-33,4.689
61,14,likely,-51,117,3.183
61,15,ambiguous,93,135,19.317
61,16,unexpected,-78,93,4.778
61,17,risky,-31,181,4.43
61,18,certain,150,-144,3.509
62,1,definite,198,0,8.852
62,2,confident,187,189,5.041
62,3,certain,206,200,5.253
62,4,vague,-117,-211,6.963
62,5,unknown,-232,82,10.988
62,6,erratic,-213,213,5.963
62,7,predictable,204,37,5.193
62,8,frequent,196,116,2.697
62,9,risky,-200,240,2.947
62,10,uncertain,-179,-124,8.632
62,11,inevitable,-235,224,6.405
62,12,improbable,-217,-64,108.466
62,13,ambiguous,-211,-89,4.352
62,14,likely,-217,82,9.512
62,15,possible,224,111,3.292
62,16,unexpected,194,41,104.467
62,17,questionable,-200,115,3.641
62,18,doubtful,-191,83,161.308
63,1,inevitable,-77,128,23.869
63,2,unexpected,0,94,9.686
63,3,uncertain,-32,64,15.538
63,4,unknown,1,-45,14.445
63,5,possible,72,118,13.476
63,6,doubtful,-44,41,9.476
63,7,confident,99,186,12.035
63,8,certain,94,88,15.755
63,9,vague,-39,-40,9.687
63,10,improbable,-26,1,12.623
63,11,ambiguous,1,21,27.919
63,12,questionable,-27,105,7.238
63,13,erratic,-238,238,9.392
63,14,predictable,40,47,13.405
63,15,likely,-47,1,13.995
63,16,risky,-124,146,11.324
63,17,frequent,1,37,9.865
63,18,definite,2,25,11.321
66,1,frequent,25,10,8.022
66,2,doubtful,-72,29,7.02
66,3,unexpected,-94,71,4.387
66,4,risky,-160,182,4.444
66,5,unknown,-19,87,6.218
66,6,certain,127,24,4.577
66,7,confident,121,49,5.799
66,8,predictable,83,-32,6.303
66,9,vague,-12,-111,5.971
66,10,improbable,-21,-108,4.718
66,11,definite,165,21,5.481
66,12,ambiguous,-8,156,7.282
66,13,possible,133,147,3.75
66,14,questionable,-38,171,5.908
66,15,erratic,-198,201,4.018
66,16,likely,-80,65,3.575
66,17,uncertain,-53,71,5.241
66,18,inevitable,131,-151,3.528
67,1,certain,188,2,5.786
67,2,unexpected,-105,2,4.997
67,3,unknown,0,-94,2.586
67,4,erratic,-110,-1,5.456
67,5,confident,182,0,3.849
67,6,uncertain,0,-97,9.654
67,7,vague,-89,-1,4.625
67,8,ambiguous,-54,1,16.509
67,9,definite,207,4,3.402
67,10,possible,187,-4,7.901
67,11,inevitable,4,-11,6.211
67,12,risky,4,-172,2.542
67,13,doubtful,5,-137,1.846
67,14,improbable,1,-23,6.252
67,15,frequent,130,-2,10.128
67,16,predictable,46,-2,2.755
67,17,likely,-45,-1,14.883
67,18,questionable,3,-31,8.078
68,1,inevitable,35,-30,8.338
68,2,likely,-96,-178,4.078
68,3,improbable,-226,-30,5.57
68,4,predictable,108,64,4.292
68,5,certain,226,227,3.409
68,6,unexpected,12,15,4.88
68,7,questionable,-10,31,9.523
68,8,unknown,-218,-170,6.177
68,9,vague,-177,-177,7.709
68,10,confident,246,243,5.466
68,11,doubtful,-234,-16,10.433
68,12,ambiguous,-79,-27,14.748
68,13,definite,239,243,3.165
68,14,risky,-171,-133,10.632
68,15,frequent,221,40,4.793
68,16,possible,221,145,3.058
68,17,erratic,-240,-222,4.357
68,18,uncertain,-238,-229,2.731
70,1,questionable,-64,-68,16.662
70,2,inevitable,246,63,10.741
70,3,possible,62,13,15.839
70,4,risky,-216,152,11.182
70,5,vague,-94,-84,16.724
70,6,unexpected,-58,84,11.363
70,7,erratic,-172,0,14.469
70,8,frequent,112,55,10.299
70,9,doubtful,-43,-127,8.507
70,10,uncertain,-186,-68,5.935
70,11,ambiguous,3,-1,5.121
70,12,likely,-188,-89,6.469
70,13,certain,240,241,5.218
70,14,unknown,-150,-116,3.478
70,15,predictable,140,57,9.571
70,16,improbable,-202,-208,13.227
70,17,confident,227,240,4.425
70,18,definite,245,241,4.984
71,1,predictable,2,2,11.189
71,2,likely,-189,-166,9.58
71,3,inevitable,232,233,6.251
71,4,unexpected,-232,116,16.802
71,5,certain,183,191,7.473
71,6,doubtful,-209,-24,9.183
71,7,vague,1,-2,5.3
71,8,definite,248,250,7.567
71,9,improbable,0,-21,13.415
71,10,confident,236,233,6.069
71,11,erratic,-238,78,8.896
71,12,possible,119,44,7.918
71,13,questionable,-201,38,8.784
71,14,risky,0,17,12.856
71,15,uncertain,-30,14,7.386
71,16,frequent,4,0,6.41
71,17,unknown,-13,-1,7.079
71,18,ambiguous,0,0,5.55
73,1,likely,-173,-59,14.158
73,2,definite,209,183,9.949
73,3,risky,-182,163,5.086
73,4,frequent,156,79,20.922
73,5,doubtful,-162,-68,21
73,6,possible,105,190,6.415
73,7,erratic,-103,184,5.917
73,8,questionable,-109,156,8.847
73,9,inevitable,8,189,11.877
73,10,predictable,168,-44,6.959
73,11,unexpected,22,201,8.939
73,12,confident,210,233,4.251
73,13,uncertain,-155,42,8.418
73,14,vague,-130,-58,6.178
73,15,improbable,15,146,8.063
73,16,ambiguous,-72,-80,5.887
73,17,unknown,-73,188,6.741
73,18,certain,180,186,5.571
74,1,possible,-13,24,16.552
74,2,certain,46,82,6.26
74,3,confident,85,103,14.752
74,4,unknown,-90,-123,4.463
74,5,vague,-36,-30,3.123
74,6,definite,14,24,3.572
74,7,likely,-30,-13,4.007
74,8,improbable,-24,-92,5.117
74,9,unexpected,57,-176,19.791
74,10,doubtful,-17,-194,3.993
74,11,risky,37,-48,3.291
74,12,frequent,19,25,4.605
74,13,questionable,-84,27,3.74
74,14,predictable,-16,52,20.097
74,15,ambiguous,-2,-1,5.021
74,16,uncertain,-30,-32,3.293
74,17,inevitable,-2,105,5.723
74,18,erratic,-57,192,5.665
75,1,possible,154,67,17.465
75,2,likely,-124,52,10.486
75,3,erratic,-178,28,8.568
75,4,doubtful,-112,14,7.872
75,5,vague,-230,19,8.497
75,6,definite,213,21,3.981
75,7,ambiguous,16,14,6.201
75,8,unknown,-11,-21,8.733
75,9,risky,14,58,7.891
75,10,improbable,-1,1,4.525
75,11,uncertain,3,0,3.256
75,12,questionable,2,2,3.701
75,13,certain,227,15,2.727
75,14,frequent,217,27,2.284
75,15,unexpected,-79,33,4.216
75,16,confident,214,26,2.193
75,17,inevitable,128,44,4.528
75,18,predictable,129,22,2.264
76,1,improbable,-114,18,20.816
76,2,confident,215,21,3.538
76,3,doubtful,8,-149,3.46
76,4,erratic,-126,12,7.001
76,5,unknown,6,-142,12.276
76,6,certain,52,161,2.631
76,7,definite,197,32,2.731
76,8,unexpected,-8,-157,6.969
76,9,predictable,174,27,3.201
76,10,frequent,65,164,4.359
76,11,risky,64,-168,3.632
76,12,likely,-144,-2,5.415
76,13,questionable,-187,-32,6.491
76,14,ambiguous,-100,-104,4.671
76,15,vague,-61,-111,3.542
76,16,possible,165,161,5.135
76,17,uncertain,-72,-137,2.882
76,18,inevitable,-132,-124,6.548
77,1,certain,2,-3,11.122
77,2,predictable,-1,47,6.85
77,3,confident,169,-2,3.789
77,4,improbable,0,1,12.066
77,5,vague,-79,-1,3.282
77,6,uncertain,-135,1,3.45
77,7,doubtful,-26,0,3.793
77,8,unknown,-60,-1,5.078
77,9,ambiguous,2,0,18.662
77,10,unexpected,-1,87,4.023
77,11,questionable,-80,-1,3.747
77,12,erratic,-86,-3,13.43
77,13,risky,-1,145,5.496
77,14,frequent,79,2,4.808
77,15,inevitable,-59,-1,21.625
77,16,definite,0,0,6.734
77,17,possible,54,0,15.829
77,18,likely,-45,-21,7.889
78,1,unknown,-24,-147,14.535
78,2,improbable,-218,1,8.277
78,3,frequent,172,170,5.51
78,4,ambiguous,91,-116,8.591
78,5,definite,246,244,5.538
78,6,doubtful,-248,248,6.547
78,7,risky,-240,241,10.683
78,8,likely,-132,-166,10.258
78,9,questionable,-225,194,10.266
78,10,inevitable,-129,-84,9.503
78,11,possible,146,-147,8.716
78,12,certain,131,177,3.374
78,13,predictable,145,-158,6.15
78,14,uncertain,-194,-160,5.587
78,15,vague,-220,218,9.414
78,16,erratic,-134,142,4.868
78,17,confident,13,226,5.192
78,18,unexpected,-110,225,6.893
80,1,improbable,-181,0,21.188
80,2,unknown,-98,-108,12.221
80,3,doubtful,-100,113,7.448
80,4,confident,174,80,13.492
80,5,unexpected,-70,-128,5.141
80,6,possible,111,115,8.744
80,7,risky,-77,-51,5.382
80,8,vague,-110,-69,4.389
80,9,definite,100,134,3.817
80,10,certain,67,71,3.54
80,11,questionable,-60,-46,4.006
80,12,inevitable,-54,-37,6.841
80,13,likely,-89,60,3.961
80,14,predictable,93,-48,7.545
80,15,ambiguous,31,43,3.94
80,16,erratic,-84,-71,22.707
80,17,uncertain,-110,-77,9.493
80,18,frequent,119,56,3.441
81,1,uncertain,-39,31,11.068
81,2,inevitable,239,-1,5.632
81,3,improbable,-157,-136,10.859
81,4,frequent,171,-169,7.925
81,5,risky,-156,161,6.623
81,6,vague,-1,0,9.031
81,7,ambiguous,0,0,6.261
81,8,unexpected,1,171,12.02
81,9,confident,201,26,9.541
81,10,predictable,2,-214,8.932
81,11,unknown,0,2,5.445
81,12,possible,179,29,5.79
81,13,erratic,-208,213,6.307
81,14,doubtful,-152,-152,5.577
81,15,likely,-164,-149,4.029
81,16,definite,223,-191,7.871
81,17,questionable,-216,102,9.269
81,18,certain,232,-53,5.589
82,1,predictable,16,19,23.101
82,2,definite,16,49,12.527
82,3,unexpected,3,10,17.854
82,4,improbable,11,-10,10.301
82,5,questionable,3,77,9.244
82,6,vague,6,-38,7.845
82,7,ambiguous,7,19,8.002
82,8,possible,4,72,14.917
82,9,risky,-162,24,20.616
82,10,uncertain,-201,80,9.263
82,11,doubtful,-228,65,14.551
82,12,inevitable,1,106,18.633
82,13,confident,220,190,9.388
82,14,certain,237,162,13.431
82,15,likely,-220,-29,8.596
82,16,unknown,-143,-53,11.348
82,17,erratic,-143,113,15.065
82,18,frequent,-1,147,7.524
83,1,uncertain,-147,-139,14.559
83,2,questionable,-180,96,7.036
83,3,definite,205,203,7.505
83,4,inevitable,2,226,7.232
83,5,likely,-222,-183,30.861
83,6,risky,-217,179,3.943
83,7,confident,199,233,3.898
83,8,improbable,-80,17,13.636
83,9,possible,127,39,4.196
83,10,erratic,-55,217,7.775
83,11,ambiguous,-1,-2,14.37
83,12,predictable,121,-113,6.335
83,13,vague,-79,-151,5.46
83,14,frequent,180,100,6.374
83,15,unexpected,-60,1,15.13
83,16,certain,73,238,6.138
83,17,doubtful,-134,-20,4.281
83,18,unknown,-167,6,4.425
84,1,predictable,88,83,13.36
84,2,inevitable,93,12,19.054
84,3,ambiguous,1,-1,31.213
84,4,improbable,-68,-46,29.837
84,5,risky,0,166,10.539
84,6,uncertain,0,-3,7.125
84,7,definite,146,87,8.482
84,8,possible,12,132,8.048
84,9,doubtful,-205,-138,8.536
84,10,confident,226,218,16.445
84,11,vague,1,-2,14.394
84,12,erratic,-70,35,25.187
84,13,certain,202,119,6.494
84,14,frequent,141,118,4.995
84,15,unknown,-134,-41,15.202
84,16,likely,2,-3,5.693
84,17,questionable,3,-1,5.196
84,18,unexpected,2,-3,7.736
85,1,likely,-160,122,22.06
85,2,inevitable,-1,2,31.304
85,3,ambiguous,0,-24,18.472
85,4,confident,201,219,10.365
85,5,predictable,35,-219,16.325
85,6,frequent,0,-1,19.791
85,7,unknown,0,-95,14.626
85,8,uncertain,-123,45,19.042
85,9,possible,63,1,11.841
85,10,questionable,-52,31,18.208
85,11,definite,148,139,15.408
85,12,unexpected,-106,114,16.347
85,13,improbable,-113,200,42.424
85,14,certain,196,185,8.558
85,15,risky,-224,224,9.546
85,16,erratic,-225,234,9.018
85,17,vague,-1,-140,15.831
85,18,doubtful,-127,1,11.511
86,1,uncertain,-107,5,13.536
86,2,vague,-14,-37,10.2
86,3,risky,-65,-51,8.434
86,4,definite,91,204,10.712
86,5,unknown,-2,0,8.756
86,6,unexpected,-57,-49,8.787
86,7,doubtful,-112,10,5.314
86,8,confident,0,63,5.266
86,9,inevitable,-2,31,4.524
86,10,predictable,0,40,7.126
86,11,certain,-2,47,13.161
86,12,frequent,14,50,5.293
86,13,possible,-13,55,18.099
86,14,likely,-19,-10,10.545
86,15,improbable,1,-37,8.53
86,16,erratic,-33,20,8.611
86,17,questionable,-4,4,16.001
86,18,ambiguous,0,0,8.828
87,1,inevitable,235,-4,34.783
87,2,possible,190,-1,5.598
87,3,predictable,181,-1,6.074
87,4,questionable,-191,1,28.727
87,5,frequent,216,-2,6.727
87,6,unknown,-190,2,5.727
87,7,vague,-195,-3,8.719
87,8,confident,238,2,5.096
87,9,ambiguous,-204,-2,7.974
87,10,erratic,-114,-1,5.008
87,11,risky,-180,3,7.285
87,12,improbable,-158,-2,6.124
87,13,uncertain,-231,2,5.377
87,14,definite,229,-3,5.956
87,15,certain,177,-2,8.042
87,16,likely,-232,-1,5.793
87,17,unexpected,-203,-2,8.234
87,18,doubtful,-200,-2,5.966
92,1,vague,-14,-43,14.637
92,2,ambiguous,1,1,5.624
92,3,erratic,-95,227,7.605
92,4,unexpected,-10,133,13.257
92,5,possible,2,48,7.337
92,6,unknown,-26,-49,6.406
92,7,uncertain,-134,-76,7.868
92,8,questionable,-37,47,10.025
92,9,frequent,1,58,6.2
92,10,certain,10,81,6.139
92,11,definite,27,154,11.776
92,12,likely,-167,54,7.787
92,13,predictable,20,24,9.351
92,14,confident,186,145,5.915
92,15,doubtful,-164,73,7.757
92,16,inevitable,-139,-86,23.781
92,17,improbable,-9,-22,7.172
92,18,risky,-208,205,5.859
93,1,risky,-131,224,3.852
93,2,frequent,200,78,8.29
93,3,likely,-134,-173,3.008
93,4,questionable,-216,-76,5.056
93,5,definite,229,183,5.634
93,6,unknown,-243,-244,5.568
93,7,inevitable,1,242,10.739
93,8,confident,239,175,3.599
93,9,certain,177,241,5.919
93,10,vague,-116,-113,3.875
93,11,erratic,1,-2,4.761
93,12,improbable,-239,-121,5.779
93,13,doubtful,-232,-165,4.46
93,14,unexpected,-189,-6,7.295
93,15,ambiguous,0,-1,2.601
93,16,predictable,133,148,6.195
93,17,uncertain,-162,-153,2.645
93,18,possible,130,163,2.358
94,1,certain,69,92,6.047
94,2,predictable,140,142,4.303
94,3,uncertain,-104,83,6.794
94,4,vague,-17,-99,5.301
94,5,risky,6,244,4.077
94,6,improbable,-147,-38,20.995
94,7,definite,184,91,6.399
94,8,confident,233,239,3.716
94,9,frequent,-5,144,3.867
94,10,doubtful,-157,-78,4.159
94,11,unexpected,4,250,4.165
94,12,unknown,-134,-33,5.136
94,13,possible,3,1,6.186
94,14,questionable,-137,-123,4.477
94,15,ambiguous,-191,26,9.686
94,16,erratic,-193,210,5.155
94,17,likely,-137,-180,5.316
94,18,inevitable,-233,32,8.723
95,1,unexpected,-72,156,7.54
95,2,definite,70,-77,7.785
95,3,possible,58,93,4.574
95,4,erratic,-92,126,2.875
95,5,likely,-144,-101,3.766
95,6,risky,-102,144,2.766
95,7,certain,74,-92,3.103
95,8,uncertain,-54,147,3.987
95,9,doubtful,-106,-95,3.533
95,10,questionable,-84,46,2.938
95,11,frequent,6,-97,6.144
95,12,inevitable,4,39,7.087
95,13,unknown,29,87,4.688
95,14,ambiguous,-3,116,3.31
95,15,improbable,-26,-79,6.046
95,16,predictable,-41,-124,3.781
95,17,vague,-69,-74,3.424
95,18,confident,43,69,3.636
97,1,ambiguous,-101,-171,14.329
97,2,unknown,-142,-231,4.192
97,3,confident,155,231,3.244
97,4,doubtful,-111,-67,5.207
97,5,vague,-81,-74,3.333
97,6,certain,195,234,4.569
97,7,erratic,-229,-229,3.112
97,8,predictable,211,215,2.601
97,9,improbable,-202,-201,3.255
97,10,definite,214,234,2.985
97,11,unexpected,-214,-222,3.226
97,12,possible,36,80,7.922
97,13,frequent,18,147,3.697
97,14,risky,-117,-37,5.725
97,15,inevitable,2,-1,6.281
97,16,likely,-17,-146,6.441
97,17,uncertain,-13,-196,2.662
97,18,questionable,-11,-194,3.41
98,1,unexpected,-205,5,13.831
98,2,confident,218,-4,5.875
98,3,frequent,153,-1,5.738
98,4,possible,3,108,7.25
98,5,definite,232,-7,5.043
98,6,vague,3,-193,6.505
98,7,erratic,6,-231,5.64
98,8,unknown,7,-233,4.69
98,9,doubtful,-211,0,5.632
98,10,certain,223,6,5.478
98,11,predictable,126,145,11.753
98,12,likely,-126,-100,5.866
98,13,improbable,-85,-72,7.506
98,14,questionable,-125,-90,4.225
98,15,ambiguous,-140,-118,4.909
98,16,inevitable,151,63,7.746
98,17,uncertain,-36,-161,5.99
98,18,risky,-51,68,7.656
99,1,doubtful,3,-93,11.553
99,2,possible,130,-2,4.104
99,3,predictable,159,-3,7.894
99,4,likely,-2,-124,3.493
99,5,questionable,6,-3,4.836
99,6,confident,1,200,3.22
99,7,inevitable,5,15,6.325
99,8,uncertain,-39,-5,4.643
99,9,definite,-2,95,3.483
99,10,unexpected,5,-1,4.304
99,11,unknown,0,-106,3.762
99,12,vague,5,-164,4.213
99,13,ambiguous,-86,-7,5.33
99,14,certain,1,20,3.946
99,15,improbable,-114,-3,5.177
99,16,risky,-195,-3,3.136
99,17,frequent,1,28,3.777
99,18,erratic,-222,-2,3.344
100,1,definite,111,220,13.99
100,2,erratic,-149,213,10.413
100,3,certain,147,-7,14.548
100,4,unknown,-124,-144,34.792
100,5,uncertain,-137,-45,68.09
100,6,improbable,2,-1,4.741
100,7,inevitable,-82,148,5.981
100,8,possible,160,-125,5.181
100,9,predictable,212,-222,16.741
100,10,questionable,-208,96,5.67
100,11,confident,191,171,13.375
100,12,risky,-205,40,3.761
100,13,ambiguous,-135,-189,59.395
100,14,unexpected,-145,171,7.654
100,15,doubtful,-49,-190,19.327
100,16,likely,-49,-182,3.769
100,17,frequent,117,14,5.13
100,18,vague,-172,-164,43.126
101,1,certain,148,69,6.367
101,2,definite,147,14,4.702
101,3,erratic,13,-66,4.499
101,4,ambiguous,14,15,5.53
101,5,confident,58,125,3.946
101,6,inevitable,84,53,3.801
101,7,improbable,-18,-41,5.972
101,8,risky,-205,-98,4.213
101,9,uncertain,-54,-142,4.097
101,10,likely,-135,-131,5.517
101,11,unexpected,-203,-81,4.431
101,12,vague,-240,-18,4.249
101,13,doubtful,-35,-99,3.024
101,14,possible,106,125,3.071
101,15,predictable,83,53,4.882
101,16,frequent,55,4,6.167
101,17,questionable,-39,8,6.063
101,18,unknown,169,87,6.074
102,1,erratic,-145,184,6.657
102,2,predictable,209,-209,5.8
102,3,improbable,-190,78,4.883
102,4,inevitable,231,-234,3.318
102,5,definite,222,-236,2.867
102,6,unknown,-1,134,4.657
102,7,certain,235,-242,3.347
102,8,doubtful,-96,0,8.008
102,9,uncertain,6,114,6.918
102,10,questionable,-4,85,6.115
102,11,unexpected,-119,188,6.881
102,12,vague,-134,-116,8.148
102,13,ambiguous,3,92,6.192
102,14,confident,217,61,5.799
102,15,likely,-137,-24,6.939
102,16,possible,154,138,5.079
102,17,frequent,113,-134,5.315
102,18,risky,-92,146,4.853
103,1,predictable,137,103,18.876
103,2,unknown,-35,0,12.201
103,3,confident,115,188,10.199
103,4,unexpected,1,1,10.423
103,5,frequent,-2,0,21.284
103,6,improbable,-71,-90,11.832
103,7,risky,-190,51,15.844
103,8,certain,186,89,17.865
103,9,vague,-115,-38,11.573
103,10,questionable,-145,-149,9.425
103,11,likely,-203,-87,16.339
103,12,inevitable,1,137,23.906
103,13,erratic,-184,108,9.145
103,14,ambiguous,-99,-52,41.887
103,15,doubtful,-47,-31,21.305
103,16,definite,120,92,11.208
103,17,possible,1,-3,11.553
103,18,uncertain,-167,57,150.008
104,1,confident,187,10,9.971
104,2,certain,238,177,11.182
104,3,inevitable,-224,143,7.862
104,4,risky,235,222,5.648
104,5,vague,-173,-137,6.282
104,6,doubtful,-28,-22,5.545
104,7,improbable,-26,-31,4.512
104,8,possible,41,32,7.068
104,9,predictable,122,35,4.172
104,10,erratic,-151,173,6.216
104,11,definite,215,170,7.74
104,12,likely,-81,-22,5.789
104,13,unknown,-102,75,6.489
104,14,ambiguous,-63,-71,5.235
104,15,questionable,-96,-78,4.18
104,16,unexpected,41,69,5.706
104,17,uncertain,-37,98,6.95
104,18,frequent,121,-110,5.373
107,1,confident,167,184,5.632
107,2,erratic,-218,226,3.538
107,3,certain,223,114,2.94
107,4,definite,243,91,2.658
107,5,likely,-134,-88,5.266
107,6,frequent,125,60,2.889
107,7,predictable,209,-212,3.505
107,8,possible,161,-23,2.558
107,9,ambiguous,-175,-24,3.245
107,10,vague,-136,-12,2.337
107,11,doubtful,-181,-36,3.371
107,12,unknown,0,4,5.685
107,13,unexpected,-80,176,4.278
107,14,improbable,-63,-121,2.462
107,15,inevitable,236,-62,3.571
107,16,questionable,-86,-23,3.777
107,17,risky,-172,188,7.188
107,18,uncertain,-91,-90,7.824
108,1,predictable,0,-65,20.827
108,2,uncertain,-60,51,14.452
108,3,unexpected,1,130,6.499
108,4,erratic,-150,106,8.965
108,5,doubtful,-73,-85,9.748
108,6,possible,12,54,11.73
108,7,confident,198,65,7.949
108,8,vague,-35,-101,10.084
108,9,inevitable,-129,134,10.369
108,10,risky,-80,65,10.805
108,11,improbable,-82,-124,13.137
108,12,ambiguous,1,-105,10.088
108,13,certain,100,20,7.316
108,14,definite,136,146,6.171
108,15,likely,-93,33,9.69
108,16,frequent,1,142,8.051
108,17,questionable,-125,-88,8.576
108,18,unknown,1,105,15.271
109,1,unexpected,-138,91,9.009
109,2,risky,-138,224,3.692
109,3,vague,-192,-212,3.083
109,4,predictable,55,6,7.049
109,5,unknown,-172,140,4.472
109,6,ambiguous,34,0,3.08
109,7,doubtful,-107,-78,3.95
109,8,certain,224,-4,2.923
109,9,improbable,-131,-44,5.096
109,10,uncertain,-236,-6,3.487
109,11,definite,205,1,3.802
109,12,possible,27,-48,2.664
109,13,inevitable,234,-1,3.345
109,14,erratic,-186,210,3.114
109,15,frequent,107,-4,2.683
109,16,questionable,-37,26,3.021
109,17,likely,-54,-55,3.221
109,18,confident,63,167,2.833
110,1,uncertain,-122,-34,20.919
110,2,confident,216,185,4.846
110,3,ambiguous,-89,-71,4.661
110,4,frequent,1,131,10.034
110,5,erratic,-135,29,12.614
110,6,certain,136,130,7.7
110,7,likely,-178,-32,5.938
110,8,possible,1,58,9.059
110,9,doubtful,-100,-25,7.465
110,10,vague,-150,-83,6.962
110,11,unexpected,0,76,8.778
110,12,unknown,-116,-9,6.217
110,13,inevitable,13,99,5.665
110,14,definite,173,98,3.011
110,15,questionable,-136,-40,3.535
110,16,improbable,-159,-57,4.3
110,17,risky,-200,210,5.89
110,18,predictable,126,-37,6.231
112,1,unexpected,-1,161,10.33
112,2,certain,48,-17,11.401
112,3,uncertain,-41,-18,7.902
112,4,ambiguous,1,1,7.112
112,5,risky,1,207,8.714
112,6,erratic,-6,106,7.65
112,7,predictable,16,-163,8.131
112,8,vague,2,-5,3.138
112,9,improbable,-10,-14,7.136
112,10,frequent,26,11,3.138
112,11,unknown,-2,2,3.497
112,12,likely,-53,3,7.37
112,13,definite,34,5,4.549
112,14,inevitable,-2,-17,7.558
112,15,questionable,-40,54,5.613
112,16,possible,125,3,4.035
112,17,confident,212,123,7.212
112,18,doubtful,-185,41,6.309
114,1,frequent,29,14,13.969
114,2,inevitable,-32,-58,10.037
114,3,confident,66,83,8.914
114,4,unexpected,-41,30,12.068
114,5,uncertain,-51,84,22.461
114,6,improbable,-70,-80,7.273
114,7,questionable,-29,-96,7.819
114,8,unknown,-1,1,11.651
114,9,possible,79,44,6.536
114,10,likely,-68,-130,7.795
114,11,definite,87,-48,7.528
114,12,ambiguous,1,-2,9.497
114,13,certain,109,112,6.466
114,14,predictable,60,40,5.756
114,15,risky,-203,208,7.466
114,16,erratic,-167,212,7.335
114,17,vague,-118,-101,7.542
114,18,doubtful,-61,-62,6.096
115,1,predictable,128,83,5.386
115,2,certain,157,119,9.096
115,3,doubtful,-164,51,5.474
115,4,possible,176,150,3.114
115,5,uncertain,-113,-90,3.969
115,6,frequent,16,-1,7.755
115,7,ambiguous,-42,-20,5.027
115,8,vague,-8,-1,4.154
115,9,likely,-78,-26,2.542
115,10,inevitable,-6,80,5.805
115,11,unexpected,-195,199,4.957
115,12,definite,27,25,5.538
115,13,erratic,-209,212,3.996
115,14,improbable,-146,-21,3.15
115,15,unknown,-20,-23,3.361
115,16,confident,157,227,2.976
115,17,questionable,-45,32,2.78
115,18,risky,-176,202,2.906
116,1,definite,8,82,15.571
116,2,unknown,2,-4,7.116
116,3,ambiguous,10,-3,9.301
116,4,risky,-12,-30,10.411
116,5,vague,18,-30,8.374
116,6,confident,0,44,3.72
116,7,questionable,18,-27,3.363
116,8,inevitable,-12,-23,4.092
116,9,doubtful,-58,-115,2.601
116,10,erratic,-114,-174,3.957
116,11,uncertain,-14,-35,5.013
116,12,unexpected,10,-4,4.03
116,13,likely,-54,-116,3.041
116,14,frequent,24,34,3.294
116,15,predictable,4,18,2.254
116,16,possible,4,44,45.319
116,17,improbable,4,-52,19.092
116,18,certain,6,79,3.237
117,1,likely,-34,-14,14.311
117,2,possible,20,18,5.327
117,3,uncertain,-56,-11,9.612
117,4,improbable,-115,-93,5.428
117,5,predictable,125,-66,9.151
117,6,confident,203,-43,7.069
117,7,ambiguous,-80,1,8.151
117,8,questionable,-114,-21,4.532
117,9,inevitable,232,-102,6.581
117,10,frequent,218,45,3.547
117,11,unknown,-159,-42,9.094
117,12,vague,-122,-74,7.445
117,13,doubtful,-127,-81,3.322
117,14,certain,233,-61,4.59
117,15,erratic,-130,240,7.242
117,16,unexpected,-117,72,3.986
117,17,risky,-118,47,4.597
117,18,definite,229,29,4.011
118,1,predictable,103,39,8.535
118,2,ambiguous,-94,-92,3.655
118,3,unknown,-105,144,2.571
118,4,possible,105,140,3.295
118,5,unexpected,-177,200,3.18
118,6,risky,-64,220,5.865
118,7,inevitable,-194,-36,4.538
118,8,frequent,19,-109,5.755
118,9,erratic,-59,69,3.754
118,10,questionable,-174,139,5.18
118,11,vague,-200,44,3.763
118,12,doubtful,-121,147,2.734
118,13,likely,-118,124,4.826
118,14,certain,179,-73,3.208
118,15,definite,139,-85,14.521
118,16,uncertain,-195,120,4.233
118,17,improbable,-129,-55,15.506
118,18,confident,192,-44,3.352
119,1,uncertain,0,0,20.983
119,2,certain,213,7,4.396
119,3,erratic,3,231,5.653
119,4,frequent,28,2,4.156
119,5,confident,214,11,2.632
119,6,doubtful,-208,2,3.914
119,7,inevitable,6,4,3.313
119,8,risky,2,229,4.006
119,9,likely,-191,6,2.839
119,10,definite,213,5,3.416
119,11,possible,6,-1,3.136
119,12,improbable,-205,2,5.094
119,13,questionable,8,90,6.013
119,14,ambiguous,-2,69,3.434
119,15,unexpected,-158,14,3.301
119,16,unknown,3,117,3.689
119,17,vague,9,8,5.709
119,18,predictable,212,-6,6.591
121,1,frequent,42,170,1.974
121,2,erratic,-79,-138,2.366
121,3,vague,-85,-89,2.129
121,4,doubtful,-109,-106,1.274
121,5,questionable,-77,-167,1.45
121,6,likely,-73,-194,1.131
121,7,ambiguous,-68,-71,1.701
121,8,unexpected,45,-141,3.066
121,9,uncertain,-23,-47,3.454
121,10,definite,82,92,1.823
121,11,confident,115,105,0.89
121,12,predictable,62,64,1.605
121,13,possible,76,89,2.459
121,14,certain,48,170,1.29
121,15,unknown,-50,-85,1.96
121,16,improbable,-71,-67,1.912
121,17,risky,-65,-123,1.361
121,18,inevitable,89,77,2.055
122,1,uncertain,-82,-20,8.496
122,2,erratic,-131,238,7.296
122,3,certain,222,110,6.563
122,4,ambiguous,1,-6,14.26
122,5,risky,-42,122,10.046
122,6,likely,-30,-124,5.436
122,7,unexpected,-14,146,8.455
122,8,unknown,-13,16,4.983
122,9,frequent,1,1,7.875
122,10,definite,1,0,5.244
122,11,possible,19,1,5.888
122,12,predictable,37,1,5.156
122,13,questionable,-25,2,3.624
122,14,vague,-73,-118,5.265
122,15,improbable,-19,1,9.434
122,16,confident,153,58,5.602
122,17,doubtful,-36,-12,6.468
122,18,inevitable,3,2,5.286
123,1,confident,125,140,11.121
123,2,doubtful,-58,-75,5.909
123,3,questionable,-68,-15,10.133
123,4,erratic,0,0,7.158
123,5,predictable,111,-36,6.6
123,6,possible,143,-101,4.755
123,7,ambiguous,4,-69,6.279
123,8,vague,3,-53,3.866
123,9,risky,-45,129,7.751
123,10,improbable,-161,-52,4.32
123,11,likely,-122,3,8.27
123,12,definite,250,244,4.3
123,13,uncertain,-71,-69,9.25
123,14,unknown,-72,-199,4.113
123,15,inevitable,1,230,25.568
123,16,unexpected,26,125,10.065
123,17,frequent,147,37,9.284
123,18,certain,246,245,4.518
124,1,ambiguous,-2,-182,13.192
124,2,likely,-84,-3,7.75
124,3,inevitable,-2,-6,8.572
124,4,unknown,-1,97,7.584
124,5,unexpected,4,175,4.638
124,6,certain,147,8,5.428
124,7,doubtful,-33,10,8.231
124,8,confident,186,20,5.764
124,9,possible,175,1,5.854
124,10,erratic,-170,12,5.986
124,11,definite,185,6,4.635
124,12,vague,1,-105,6.149
124,13,questionable,2,2,7.667
124,14,uncertain,7,46,7.477
124,15,predictable,147,2,4.916
124,16,risky,-5,145,4.445
124,17,frequent,130,-1,19.436
124,18,improbable,6,68,5.791
125,1,erratic,-186,208,9.512
125,2,predictable,208,-181,5.857
125,3,improbable,-221,183,3.276
125,4,certain,205,198,2.633
125,5,inevitable,213,225,1.941
125,6,possible,26,16,7.166
125,7,doubtful,-105,-58,3.751
125,8,unknown,-39,45,55.806
125,9,unexpected,-11,205,7.595
125,10,likely,-160,-75,3.145
125,11,questionable,-198,109,3.979
125,12,confident,232,249,4.056
125,13,risky,-229,218,3.719
125,14,frequent,69,-6,4.97
125,15,ambiguous,-7,8,11.496
125,16,vague,-33,11,3.317
125,17,definite,135,237,1.826
125,18,uncertain,-184,77,6.343
126,1,definite,109,94,26.526
126,2,frequent,27,21,16.066
126,3,inevitable,139,25,18.092
126,4,predictable,82,-43,24.042
126,5,uncertain,-78,-56,12.544
126,6,ambiguous,10,10,16.418
126,7,certain,100,102,9.6
126,8,unexpected,-229,-54,14.43
126,9,risky,-48,64,30.091
126,10,vague,-15,12,11.758
126,11,unknown,-145,-23,12.977
126,12,improbable,-14,-14,12.439
126,13,erratic,-27,-26,9.356
126,14,confident,183,149,12.879
126,15,doubtful,-70,-20,13.312
126,16,likely,-74,-41,11.21
126,17,questionable,-126,-13,12.135
126,18,possible,147,27,12.011
127,1,frequent,112,1,8.739
127,2,predictable,128,-7,6.766
127,3,doubtful,-62,-53,9.263
127,4,unexpected,-57,-25,3.015
127,5,likely,-85,-24,2.311
127,6,possible,115,-8,2.756
127,7,risky,-12,41,8.44
127,8,ambiguous,-80,-26,3.224
127,9,confident,105,8,3.699
127,10,unknown,-62,-15,3.414
127,11,questionable,-72,-11,2.51
127,12,certain,124,2,2.473
127,13,uncertain,-138,-3,2.875
127,14,definite,178,3,3.81
127,15,inevitable,-64,6,3.867
127,16,improbable,-73,-18,4.431
127,17,vague,-53,-9,3.51
127,18,erratic,-76,-25,2.169
129,1,likely,-46,2,12.344
129,2,certain,137,1,5.4
129,3,erratic,2,-2,6.905
129,4,risky,-82,-1,5.816
129,5,predictable,149,-2,4.101
129,6,confident,122,143,7.451
129,7,frequent,48,38,5.424
129,8,uncertain,-163,-41,5.166
129,9,possible,116,49,4.455
129,10,improbable,-138,-67,5.415
129,11,inevitable,1,-2,9.142
129,12,vague,1,-1,7.065
129,13,definite,146,48,6.626
129,14,unexpected,2,-1,10.941
129,15,unknown,1,0,12.083
129,16,questionable,-53,0,12.82
129,17,doubtful,-125,-106,6.625
129,18,ambiguous,-125,-4,5.886
130,1,inevitable,1,-203,12.875
130,2,improbable,7,176,11.92
130,3,possible,211,-4,10.434
130,4,uncertain,1,142,6.634
130,5,predictable,186,-1,3.822
130,6,certain,205,-5,3.03
130,7,ambiguous,-162,-2,6.122
130,8,unexpected,6,215,7.906
130,9,confident,198,-2,3.465
130,10,vague,-159,-4,5.64
130,11,risky,-197,181,5.479
130,12,frequent,201,-203,5.853
130,13,erratic,-161,172,5.571
130,14,likely,-230,235,8.617
130,15,unknown,-204,50,5.023
130,16,questionable,-206,52,4.022
130,17,definite,208,-34,4.137
130,18,doubtful,-222,-25,6.716
131,1,confident,-2,-1,8.44
131,2,risky,-125,2,5.196
131,3,certain,104,4,5.91
131,4,predictable,-2,1,5.161
131,5,uncertain,-20,-6,5.008
131,6,unknown,1,5,4.454
131,7,erratic,0,2,5.013
131,8,improbable,-59,4,4.326
131,9,inevitable,-4,7,4.523
131,10,unexpected,2,-2,4.53
131,11,likely,-65,1,4.183
131,12,questionable,1,1,4.951
131,13,doubtful,-25,0,4.483
131,14,frequent,1,3,8.627
131,15,possible,64,1,5.476
131,16,definite,94,0,5.465
131,17,ambiguous,-2,2,6.393
131,18,vague,-3,-1,5.526
133,1,doubtful,-67,-80,14.478
133,2,uncertain,-55,-113,9.902
133,3,certain,125,122,8.743
133,4,ambiguous,-12,-62,13.842
133,5,inevitable,-15,-182,9.468
133,6,unexpected,-15,8,14.38
133,7,possible,24,9,10.309
133,8,vague,23,-19,11.317
133,9,unknown,-10,-18,12
133,10,improbable,-12,-20,12.784
133,11,confident,130,148,5.623
133,12,definite,97,35,5.534
133,13,erratic,-37,15,6.539
133,14,risky,-58,97,8.586
133,15,questionable,-56,38,7.858
133,16,frequent,20,34,8.451
133,17,likely,-71,-44,6.178
133,18,predictable,140,14,8.368
135,1,uncertain,-184,52,9.945
135,2,risky,-169,-151,6.193
135,3,inevitable,1,-2,6.391
135,4,likely,-106,-73,5.521
135,5,certain,168,174,5.451
135,6,doubtful,-149,-54,7.876
135,7,unexpected,-218,-36,4.924
135,8,ambiguous,-46,6,6.01
135,9,erratic,-194,-229,4.677
135,10,confident,154,60,12.615
135,11,possible,207,195,5.342
135,12,predictable,150,65,32.486
135,13,vague,-146,-33,5.157
135,14,questionable,-123,-37,16.106
135,15,improbable,-130,-42,4.143
135,16,definite,23,9,9.836
135,17,frequent,176,-29,23.946
135,18,unknown,-18,5,5.6
136,1,unknown,-173,-60,8.415
136,2,ambiguous,-27,-103,10.61
136,3,possible,117,54,5.369
136,4,confident,169,181,7.44
136,5,improbable,-183,-52,5.399
136,6,predictable,-11,12,4.421
136,7,definite,17,151,6.703
136,8,certain,156,56,6.231
136,9,erratic,-194,-63,4.138
136,10,doubtful,-180,113,70.288
136,11,frequent,23,105,36.239
136,12,likely,-93,-131,2.357
136,13,risky,-215,-43,2.785
136,14,unexpected,-211,53,2.254
136,15,uncertain,-103,-34,2.995
136,16,questionable,-76,-198,1.68
136,17,inevitable,-36,-79,4.373
136,18,vague,-19,-193,1.609
137,1,possible,163,146,7.019
137,2,frequent,183,162,2.603
137,3,inevitable,125,115,2.756
137,4,questionable,-111,-90,3.676
137,5,likely,-59,-204,2.134
137,6,improbable,-38,-97,4.955
137,7,unexpected,-21,-31,2.84
137,8,erratic,-88,84,7.204
137,9,certain,155,138,3.043
137,10,unknown,65,-183,3.378
137,11,definite,148,136,2.996
137,12,doubtful,-97,-126,2.91
137,13,confident,143,158,1.902
137,14,predictable,188,156,2.123
137,15,vague,124,-176,5.243
137,16,ambiguous,189,-104,2.777
137,17,uncertain,106,-120,2.765
137,18,risky,-99,109,6.845
138,1,uncertain,-71,53,36.034
138,2,unknown,-75,5,20.407
138,3,improbable,-125,24,13.1
138,4,vague,-36,-91,17.415
138,5,frequent,80,83,13.091
138,6,definite,187,106,12.357
138,7,risky,-197,200,13.862
138,8,likely,-137,27,26.123
138,9,doubtful,-106,3,10.845
138,10,predictable,72,-193,24.175
138,11,confident,240,92,16.818
138,12,possible,112,36,17.292
138,13,ambiguous,-63,4,18.071
138,14,erratic,-145,137,12.849
138,15,questionable,-170,5,15.122
138,16,unexpected,-26,165,37.276
138,17,certain,58,67,27.923
138,18,inevitable,-141,25,37.793
139,1,doubtful,-59,67,6.268
139,2,likely,-106,49,6.801
139,3,improbable,-27,30,5.844
139,4,questionable,-41,24,5.873
139,5,unexpected,23,24,7.569
139,6,confident,150,79,6.085
139,7,unknown,0,-1,11.961
139,8,inevitable,-205,-213,6.94
139,9,risky,-146,176,4.389
139,10,frequent,1,112,10.203
139,11,erratic,-131,0,7.063
139,12,predictable,83,-1,6.432
139,13,uncertain,-94,88,13.172
139,14,ambiguous,-13,-3,6.361
139,15,possible,81,30,12.746
139,16,vague,-70,-98,65.521
139,17,certain,52,129,74.497
139,18,definite,134,33,13.788
140,1,unexpected,-60,219,12.548
140,2,questionable,-171,136,5.5
140,3,confident,211,205,4.91
140,4,ambiguous,0,-1,8.313
140,5,uncertain,-67,26,7.321
140,6,vague,-26,0,11.071
140,7,possible,57,30,10.512
140,8,likely,-82,-22,6.318
140,9,unknown,1,-1,3.212
140,10,inevitable,1,237,6.767
140,11,doubtful,-73,-27,12.231
140,12,improbable,-109,-43,16.884
140,13,frequent,0,48,6.276
140,14,certain,101,32,3.29
140,15,predictable,-76,-223,7.71
140,16,erratic,-205,225,4.877
140,17,definite,1,-94,14.647
140,18,risky,-166,237,7.702
141,1,questionable,-40,-25,29.155
141,2,inevitable,-7,59,6.467
141,3,uncertain,-105,80,5.759
141,4,improbable,4,33,13.677
141,5,predictable,67,21,10.724
141,6,ambiguous,-82,-25,2.848
141,7,certain,124,85,4.042
141,8,confident,80,127,2.451
141,9,risky,-79,180,2.911
141,10,unexpected,-149,89,3.817
141,11,definite,118,34,10.486
141,12,doubtful,-28,54,5.254
141,13,likely,-53,67,5.223
141,14,possible,30,53,4.696
141,15,frequent,14,34,4.32
141,16,erratic,-41,136,3.787
141,17,unknown,-41,-27,4.83
141,18,vague,-12,-56,4.177
143,1,improbable,-203,16,11.089
143,2,unexpected,-210,8,11.796
143,3,certain,205,9,11.693
143,4,unknown,-211,12,9.562
143,5,doubtful,-178,18,9.049
143,6,predictable,59,-236,10.601
143,7,likely,-222,16,7.166
143,8,frequent,65,-227,10.293
143,9,erratic,-208,24,8.382
143,10,uncertain,-216,-3,10.635
143,11,confident,182,21,5.874
143,12,vague,-201,24,7.092
143,13,definite,183,14,6.014
143,14,inevitable,3,0,8.393
143,15,ambiguous,-203,7,7.783
143,16,possible,208,6,8.973
143,17,questionable,-2,3,7.309
143,18,risky,-205,14,6.901
145,1,doubtful,-135,-118,15.446
145,2,predictable,121,-127,20.701
145,3,ambiguous,-115,94,9.782
145,4,inevitable,-231,222,13.912
145,5,uncertain,-151,-132,31.386
145,6,risky,1,0,7.4
145,7,improbable,2,1,4.8
145,8,erratic,-139,-144,5.87
145,9,frequent,0,-2,5.98
145,10,questionable,-164,-77,10.591
145,11,likely,-232,-142,5.918
145,12,certain,239,239,7.818
145,13,confident,248,130,6.688
145,14,unknown,0,-2,4.189
145,15,vague,-1,-241,7.586
145,16,unexpected,-1,-2,5.994
145,17,definite,-3,-1,7.153
145,18,possible,-2,-1,4.293
146,1,certain,201,137,4.958
146,2,doubtful,-182,59,4.509
146,3,improbable,-146,101,5.531
146,4,vague,-180,-169,7.743
146,5,inevitable,180,-59,14.35
146,6,frequent,198,-64,9.173
146,7,questionable,-216,77,6.815
146,8,predictable,187,-188,4.728
146,9,risky,-185,191,6.134
146,10,ambiguous,-119,146,10.845
146,11,possible,199,-11,8.086
146,12,likely,-200,-73,12.725
146,13,unknown,-215,86,20.828
146,14,definite,202,49,34.035
146,15,uncertain,-216,205,6.529
146,16,unexpected,132,196,9.572
146,17,confident,210,91,10.972
146,18,erratic,-216,38,7.793
148,1,unexpected,-124,0,7.246
148,2,frequent,180,-1,2.474
148,3,inevitable,-198,-3,3.552
148,4,doubtful,-184,-1,7.85
148,5,certain,226,0,2.148
148,6,likely,-211,26,2.411
148,7,unknown,-187,1,76.748
148,8,uncertain,-214,0,4.217
148,9,risky,-203,-3,2.562
148,10,possible,220,2,14.192
148,11,ambiguous,-208,-5,2.835
148,12,predictable,217,4,130.595
148,13,definite,221,2,209.776
148,14,questionable,-220,9,1.886
148,15,confident,225,6,1.454
148,16,erratic,-237,-236,2.867
148,17,vague,-221,-235,2.246
148,18,improbable,-218,-209,1.632
149,1,ambiguous,-1,3,4.407
149,2,likely,-96,58,3.532
149,3,certain,236,-3,4.411
149,4,doubtful,-96,54,3.045
149,5,questionable,-8,137,2.789
149,6,possible,140,-14,4.621
149,7,predictable,230,-233,3.274
149,8,inevitable,-5,-206,5.148
149,9,confident,230,225,3.478
149,10,unknown,-4,2,3.039
149,11,definite,139,-1,5.858
149,12,unexpected,-1,133,5.379
149,13,vague,0,4,2.767
149,14,risky,-148,211,3.412
149,15,frequent,7,0,2.83
149,16,erratic,4,135,3.399
149,17,improbable,-181,51,3.272
149,18,uncertain,2,237,4.393
150,1,predictable,130,78,11.877
150,2,likely,-84,-140,2.821
150,3,uncertain,-113,-105,3.139
150,4,possible,133,5,5.52
150,5,certain,100,154,20.22
150,6,inevitable,123,87,3.027
150,7,risky,-120,-40,7.052
150,8,erratic,-167,-64,2.585
150,9,vague,-101,-116,2.767
150,10,definite,129,187,2.765
150,11,unexpected,-135,-52,2.765
150,12,confident,143,191,2.522
150,13,unknown,-132,-108,2.257
150,14,ambiguous,-79,-24,2.654
150,15,questionable,-138,-60,2.254
150,16,frequent,49,19,3.85
150,17,doubtful,-141,-121,2.696
150,18,improbable,-120,-195,2.101
151,1,risky,-67,193,17.591
151,2,vague,0,-60,13.832
151,3,predictable,59,-123,17.261
151,4,erratic,1,216,7.48
151,5,improbable,-124,-104,8.85
151,6,definite,177,-106,10.1
151,7,possible,108,-37,7.2
151,8,ambiguous,0,-1,3.972
151,9,unexpected,122,139,5.018
151,10,doubtful,-126,-72,4.123
151,11,inevitable,2,-103,7.856
151,12,frequent,2,0,6.022
151,13,likely,-139,-58,19.764
151,14,confident,175,90,8.684
151,15,certain,82,0,6.739
151,16,uncertain,-40,29,10.647
151,17,unknown,2,-1,4
151,18,questionable,-59,2,10.499
152,1,confident,235,-1,16.547
152,2,improbable,4,-53,5.688
152,3,definite,144,-1,4.62
152,4,doubtful,-146,1,3.426
152,5,risky,-183,-4,4.472
152,6,ambiguous,-2,114,3.926
152,7,unexpected,0,2,4.108
152,8,certain,181,-1,3.842
152,9,frequent,5,143,4.483
152,10,vague,3,27,7.379
152,11,predictable,-2,-101,4.719
152,12,inevitable,1,49,4.904
152,13,likely,-118,2,4.175
152,14,questionable,2,-26,4.802
152,15,erratic,-2,1,5.448
152,16,unknown,0,2,5.051
152,17,possible,120,11,4.742
152,18,uncertain,-78,-8,4.357
153,1,erratic,-36,210,6.905
153,2,unexpected,-61,20,7.309
153,3,doubtful,-216,-70,4.379
153,4,uncertain,-163,-88,1.813
153,5,vague,-19,-111,7.177
153,6,certain,169,35,6.369
153,7,improbable,-187,43,3.734
153,8,unknown,-48,-121,6.078
153,9,risky,-164,165,5.019
153,10,predictable,204,-59,4.777
153,11,questionable,-178,-20,456.937
153,12,possible,199,39,4.364
153,13,confident,184,183,21.625
153,14,ambiguous,-80,-26,52.581
153,15,frequent,32,204,16.501
153,16,definite,183,57,12.164
153,17,inevitable,2,-30,6.725
153,18,likely,-119,-34,9.16
154,1,improbable,-108,-47,7.71
154,2,erratic,-53,93,5.063
154,3,likely,-30,39,3.506
154,4,certain,39,206,3.447
154,5,inevitable,145,109,3.641
154,6,unknown,-224,-52,3.939
154,7,predictable,121,199,5.259
154,8,risky,-225,152,4.986
154,9,confident,167,156,2.921
154,10,possible,39,27,3.187
154,11,frequent,126,129,3.922
154,12,questionable,-70,28,2.906
154,13,uncertain,-111,-71,2.185
154,14,doubtful,-221,37,4.079
154,15,definite,216,146,2.47
154,16,unexpected,-82,-72,3.071
154,17,vague,-136,-240,2.274
154,18,ambiguous,-27,-148,9.068
156,1,risky,-171,136,13.764
156,2,unknown,-186,91,7.735
156,3,possible,181,188,4.572
156,4,ambiguous,3,0,4.152
156,5,likely,-214,79,4.842
156,6,inevitable,-167,-141,10.183
156,7,vague,-48,-1,6.508
156,8,unexpected,0,188,8.1
156,9,questionable,-8,36,5.35
156,10,uncertain,-131,111,6.329
156,11,confident,210,188,3.521
156,12,certain,213,86,3.115
156,13,erratic,-242,136,6.426
156,14,improbable,-6,85,5.514
156,15,definite,110,51,3.143
156,16,doubtful,-3,55,3.679
156,17,predictable,11,86,3.453
156,18,frequent,2,76,3.801
157,1,improbable,-195,73,9.678
157,2,confident,212,151,4.008
157,3,definite,198,32,5.837
157,4,ambiguous,-140,-29,7.649
157,5,questionable,-155,85,3.338
157,6,frequent,3,-2,4.067
157,7,risky,-114,150,4.233
157,8,uncertain,-148,10,4.803
157,9,inevitable,228,-192,5.526
157,10,erratic,-133,175,3.664
157,11,certain,131,143,3.673
157,12,vague,-144,-6,4.261
157,13,unknown,4,-3,3.741
157,14,doubtful,-132,0,2.85
157,15,possible,58,114,3.396
157,16,likely,-104,100,1.962
157,17,predictable,115,0,2.938
157,18,unexpected,2,1,3.307
158,1,inevitable,1,-2,11.824
158,2,questionable,-100,1,7.544
158,3,risky,-186,164,5.762
158,4,frequent,1,1,6.959
158,5,uncertain,-246,208,18.277
158,6,likely,-212,-114,11.17
158,7,vague,-130,-112,4.884
158,8,unexpected,-241,245,5.275
158,9,confident,239,237,2.979
158,10,ambiguous,-46,-45,6.047
158,11,doubtful,-23,-21,5.139
158,12,improbable,-70,-72,3.793
158,13,definite,0,0,10.767
158,14,unknown,-245,244,6.647
158,15,possible,11,1,4.87
158,16,predictable,123,0,5.2
158,17,erratic,-176,114,5.584
158,18,certain,236,34,7.21
159,1,predictable,70,16,10.84
159,2,frequent,6,2,5.55
159,3,ambiguous,-68,61,8.665
159,4,questionable,-62,38,4.339
159,5,unknown,-27,102,8.783
159,6,vague,1,27,6.183
159,7,likely,-77,-29,8.021
159,8,unexpected,-14,113,6.402
159,9,risky,-112,131,4.692
159,10,possible,73,32,4.939
159,11,definite,45,-100,6.849
159,12,inevitable,30,-69,4.262
159,13,confident,132,-105,5.808
159,14,doubtful,-60,63,3.744
159,15,improbable,-2,19,7.946
159,16,erratic,-22,183,7.849
159,17,uncertain,-33,91,3.457
159,18,certain,117,-150,5.325
160,1,confident,218,180,6.728
160,2,uncertain,-158,-146,2.416
160,3,ambiguous,-204,-124,1.868
160,4,erratic,-197,181,3.162
160,5,likely,-188,-46,2.603
160,6,predictable,64,75,2.214
160,7,unexpected,-117,81,1.813
160,8,vague,-83,70,2.458
160,9,unknown,-106,89,1.811
160,10,improbable,-148,52,1.596
160,11,inevitable,32,64,4.66
160,12,possible,63,78,5.099
160,13,doubtful,-97,114,11.718
160,14,certain,131,172,1.633
160,15,risky,-108,111,3.53
160,16,definite,50,145,1.839
160,17,questionable,-104,-64,2.226
160,18,frequent,38,111,2.755
161,1,erratic,-88,88,6.643
161,2,unexpected,-17,47,6.989
161,3,definite,112,-2,5.124
161,4,predictable,104,-1,3.708
161,5,likely,-104,45,7.099
161,6,inevitable,0,0,9.899
161,7,ambiguous,0,0,4.342
161,8,unknown,-64,2,8.24
161,9,possible,33,24,4.514
161,10,uncertain,-73,93,5.047
161,11,questionable,-43,51,7.494
161,12,improbable,1,-2,8.886
161,13,vague,-1,-3,3.597
161,14,certain,43,2,6.846
161,15,doubtful,-57,13,6.033
161,16,frequent,0,0,3.507
161,17,risky,-124,86,5.396
161,18,confident,102,70,5.659
162,1,possible,63,32,10.857
162,2,risky,-30,23,5.19
162,3,definite,135,26,3.55
162,4,ambiguous,-109,-14,5.006
162,5,unexpected,-75,-30,1.57
162,6,doubtful,-65,-41,5.536
162,7,inevitable,-1,3,5.971
162,8,likely,-130,-23,2.042
162,9,unknown,-31,-26,2.051
162,10,vague,-39,-109,4.736
162,11,frequent,-27,46,2.507
162,12,erratic,18,51,6.89
162,13,certain,106,45,1.689
162,14,questionable,-4,2,3.11
162,15,confident,211,161,4.971
162,16,improbable,-47,13,8.133
162,17,uncertain,-102,9,1.865
162,18,predictable,86,17,2.414
163,1,unknown,-8,2,11.403
163,2,certain,175,38,8.092
163,3,frequent,189,96,6.865
163,4,ambiguous,-7,-1,9.51
163,5,uncertain,-11,-10,8.064
163,6,vague,-3,-7,5.12
163,7,erratic,-4,-66,7.083
163,8,definite,218,105,4.886
163,9,risky,-172,-72,5.683
163,10,possible,125,49,7.163
163,11,inevitable,199,186,4.612
163,12,confident,225,214,2.697
163,13,predictable,193,26,4.659
163,14,doubtful,-42,-56,4.963
163,15,improbable,-166,-78,4.838
163,16,likely,-132,-41,19.425
163,17,unexpected,-158,50,12.059
163,18,questionable,-135,72,6.449
165,1,inevitable,3,5,16.066
165,2,doubtful,-89,8,6.029
165,3,risky,-7,66,5.824
165,4,frequent,-1,1,5.028
165,5,likely,-52,14,3.652
165,6,erratic,-159,9,3.726
165,7,vague,-91,-174,4.898
165,8,predictable,2,10,5.202
165,9,possible,77,11,3.357
165,10,certain,2,-1,8.446
165,11,unknown,3,6,23.293
165,12,ambiguous,-2,5,22.687
165,13,confident,198,34,5.887
165,14,definite,12,5,5.855
165,15,questionable,-19,13,6.544
165,16,unexpected,-7,1,7.616
165,17,improbable,3,4,3.793
165,18,uncertain,-34,8,4.079
166,1,unexpected,-194,28,26.863
166,2,confident,216,11,3.333
166,3,improbable,-101,13,17.229
166,4,frequent,229,23,5.043
166,5,erratic,-163,12,45.291
166,6,uncertain,-173,18,2.327
166,7,possible,227,-1,1.701
166,8,vague,-160,8,20.768
166,9,definite,202,-17,6.548
166,10,ambiguous,210,8,31.227
166,11,doubtful,-139,2,11.587
166,12,inevitable,204,28,3.674
166,13,risky,-153,19,4.772
166,14,questionable,15,237,36.084
166,15,likely,202,24,3.761
166,16,certain,209,26,2.251
166,17,predictable,222,41,2.206
166,18,unknown,-125,21,4.602
168,1,unexpected,-48,59,7.151
168,2,erratic,-138,222,5.537
168,3,confident,219,-115,7.487
168,4,predictable,107,-218,9.023
168,5,certain,204,-73,8.432
168,6,unknown,-119,-219,6.624
168,7,frequent,-1,3,12.039
168,8,improbable,-88,-224,6.954
168,9,inevitable,2,-71,5.613
168,10,possible,71,-68,6.05
168,11,vague,-151,-204,7.266
168,12,risky,-205,235,5.842
168,13,questionable,-89,-124,5.212
168,14,uncertain,-63,-153,7.387
168,15,definite,148,-120,4.494
168,16,ambiguous,-170,-149,5.794
168,17,doubtful,-148,108,6.104
168,18,likely,-147,104,3.023
169,1,inevitable,122,170,5.567
169,2,unexpected,-159,-127,3.194
169,3,doubtful,-83,-131,2.217
169,4,definite,211,220,2.533
169,5,confident,213,219,2.206
169,6,predictable,124,152,2.994
169,7,unknown,-105,-205,2.965
169,8,certain,214,222,4.219
169,9,likely,-131,-145,3.123
169,10,ambiguous,-117,-122,3.99
169,11,vague,-117,-28,3.777
169,12,risky,-142,-68,6.217
169,13,improbable,-104,-32,3.911
169,14,uncertain,-140,-145,2.799
169,15,questionable,-137,-28,3.165
169,16,erratic,-201,-23,3.708
169,17,frequent,126,136,2.329
169,18,possible,69,117,3.17
170,1,questionable,-217,7,14.891
170,2,doubtful,3,-185,11.071
170,3,unexpected,-4,-200,7.421
170,4,unknown,-7,-193,11.71
170,5,definite,175,6,5.786
170,6,vague,2,-181,7.7
170,7,likely,-190,-8,5.191
170,8,risky,2,193,3.693
170,9,ambiguous,-3,-202,6.373
170,10,predictable,-6,150,9.294
170,11,uncertain,10,-167,7.1
170,12,inevitable,6,193,8.532
170,13,certain,176,0,4.402
170,14,erratic,-188,-13,7.089
170,15,frequent,180,8,6.489
170,16,confident,212,-1,2.8
170,17,possible,-11,213,6.6
170,18,improbable,-11,-176,7.135
171,1,erratic,-126,163,23.369
171,2,definite,22,50,5.123
171,3,confident,24,45,1.675
171,4,inevitable,-39,171,7.231
171,5,unknown,-15,13,5.929
171,6,possible,1,31,10.294
171,7,uncertain,-43,-42,4.066
171,8,unexpected,-44,-36,3.182
171,9,risky,-165,156,3.759
171,10,likely,-151,101,4.918
171,11,doubtful,-149,126,1.471
171,12,ambiguous,-1,-35,5.793
171,13,questionable,1,-35,4.26
171,14,vague,-1,-122,7.924
171,15,frequent,75,52,4.203
171,16,certain,97,81,1.423
171,17,improbable,-137,87,3.436
171,18,predictable,-114,77,2.714
174,1,questionable,-74,2,8.298
174,2,doubtful,-115,-1,7.895
174,3,unexpected,-1,-90,4.721
174,4,possible,196,-3,3.784
174,5,likely,-122,-36,7.459
174,6,unknown,1,0,3.783
174,7,definite,159,0,3.8
174,8,uncertain,-165,-112,6.336
174,9,frequent,193,100,7.6
174,10,risky,-193,-105,6.051
174,11,confident,226,187,4.637
174,12,erratic,173,40,10.024
174,13,vague,96,48,5.194
174,14,certain,211,29,3.251
174,15,predictable,156,44,6.306
174,16,inevitable,103,163,2.853
174,17,ambiguous,168,164,2.969
174,18,improbable,57,40,3.512
175,1,possible,1,0,18.127
175,2,likely,-189,1,14.101
175,3,unexpected,2,207,20.601
175,4,frequent,2,206,16.941
175,5,predictable,195,2,16.531
175,6,risky,-201,4,12.464
175,7,inevitable,163,1,25.37
175,8,improbable,-168,-2,8.746
175,9,erratic,-187,226,16.346
175,10,questionable,-191,46,12.199
175,11,definite,209,26,12.221
175,12,ambiguous,-2,-3,9.027
175,13,confident,200,224,9.875
175,14,unknown,-224,228,7.046
175,15,vague,-171,-107,18.053
175,16,uncertain,-189,203,9.3
175,17,doubtful,-180,-20,10.9
175,18,certain,172,216,6.183
