sub,trial,uncertain_word,internal_external,rt
1,1,predictable,81,6.313
1,2,unexpected,44,4.665
1,3,improbable,81,4.375
1,4,frequent,50,4.067
1,5,possible,50,2.483
1,6,vague,42,4.978
1,7,uncertain,50,3.08
1,8,definite,50,3.771
1,9,doubtful,31,5.337
1,10,confident,0,2.977
1,11,inevitable,76,3.69
1,12,erratic,78,2.719
1,13,risky,69,2.6
1,14,questionable,39,5.336
1,15,likely,65,2.935
1,16,unknown,19,2.883
1,17,ambiguous,50,2.308
1,18,certain,61,2.712
2,1,unexpected,83,5.945
2,2,erratic,31,3.195
2,3,questionable,61,1.929
2,4,inevitable,75,2.904
2,5,frequent,68,3.325
2,6,likely,37,3.724
2,7,improbable,64,1.949
2,8,vague,64,1.635
2,9,unknown,46,2.245
2,10,predictable,68,2.058
2,11,uncertain,70,4.169
2,12,certain,29,2.241
2,13,definite,21,2.498
2,14,risky,59,1.759
2,15,confident,47,1.886
2,16,ambiguous,57,2.141
2,17,doubtful,26,1.805
2,18,possible,69,1.653
3,1,doubtful,2,5.241
3,2,possible,90,3.974
3,3,confident,0,1.811
3,4,erratic,93,2.04
3,5,risky,58,4.806
3,6,inevitable,98,2.405
3,7,ambiguous,66,3.348
3,8,unexpected,18,3.348
3,9,uncertain,18,1.852
3,10,certain,2,1.902
3,11,questionable,45,5.07
3,12,unknown,13,1.771
3,13,frequent,94,1.876
3,14,vague,84,2.054
3,15,predictable,57,3.088
3,16,definite,97,2.961
3,17,improbable,85,1.815
3,18,likely,82,4.04
4,1,frequent,100,7.463
4,2,unexpected,50,4.9
4,3,ambiguous,80,4.574
4,4,risky,60,5.686
4,5,improbable,40,6.769
4,6,unknown,70,4.399
4,7,certain,91,5.654
4,8,uncertain,50,26.252
4,9,likely,40,6.237
4,10,erratic,30,3.376
4,11,possible,50,3.517
4,12,questionable,50,2.85
4,13,definite,100,2.353
4,14,doubtful,20,3.306
4,15,predictable,86,5.075
4,16,confident,0,4.95
4,17,vague,60,3.453
4,18,inevitable,100,2.45
5,1,possible,61,17.728
5,2,frequent,76,3.488
5,3,uncertain,39,3.042
5,4,unknown,41,4.521
5,5,improbable,65,3.245
5,6,predictable,74,3.07
5,7,likely,60,4.264
5,8,erratic,92,3.433
5,9,definite,56,5.015
5,10,confident,18,3.478
5,11,certain,29,3.638
5,12,unexpected,65,2.788
5,13,ambiguous,49,4.848
5,14,doubtful,32,3.983
5,15,risky,59,2.765
5,16,questionable,67,3.252
5,17,vague,56,2.944
5,18,inevitable,85,4.119
6,1,vague,72,39.01
6,2,erratic,81,6.43
6,3,unknown,45,4.621
6,4,improbable,71,10.087
6,5,risky,50,4.86
6,6,confident,20,9.296
6,7,definite,45,13.809
6,8,unexpected,40,4.727
6,9,frequent,81,4.443
6,10,questionable,24,4.892
6,11,inevitable,90,4.597
6,12,uncertain,40,4.652
6,13,likely,60,7.601
6,14,possible,85,5.216
6,15,ambiguous,46,4.564
6,16,doubtful,60,3.074
6,17,predictable,75,5.558
6,18,certain,90,5.604
7,1,erratic,100,12.534
7,2,inevitable,100,13.429
7,3,ambiguous,51,4.273
7,4,questionable,50,5.515
7,5,unexpected,63,4.719
7,6,likely,43,7.127
7,7,possible,33,3.385
7,8,predictable,28,4.839
7,9,unknown,100,6.854
7,10,vague,50,4.944
7,11,definite,50,6.824
7,12,uncertain,42,4.699
7,13,frequent,36,13.717
7,14,doubtful,40,3.172
7,15,confident,0,3.375
7,16,certain,17,3.277
7,17,improbable,40,3.95
7,18,risky,100,3.805
8,1,likely,80,23.399
8,2,possible,77,8.569
8,3,doubtful,40,15.608
8,4,questionable,20,7.691
8,5,predictable,50,9.27
8,6,inevitable,100,10.478
8,7,certain,95,7.94
8,8,uncertain,19,9.95
8,9,ambiguous,40,5.214
8,10,confident,39,7.905
8,11,vague,29,10.817
8,12,improbable,80,12.712
8,13,erratic,50,8.612
8,14,frequent,50,9.756
8,15,unexpected,50,10.963
8,16,risky,40,8.234
8,17,unknown,71,9.865
8,18,definite,75,11.065
10,1,confident,5,10.425
10,2,ambiguous,71,6.747
10,3,unexpected,82,6.805
10,4,certain,50,9.076
10,5,possible,62,10.391
10,6,definite,91,5.52
10,7,improbable,94,5.543
10,8,risky,97,5.806
10,9,likely,91,5.122
10,10,unknown,40,4.968
10,11,predictable,82,13.754
10,12,frequent,72,14.503
10,13,inevitable,94,5.887
10,14,questionable,19,4.919
10,15,erratic,20,3.516
10,16,uncertain,43,2.81
10,17,vague,67,2.467
10,18,doubtful,10,3.727
13,1,likely,80,12.656
13,2,uncertain,82,3.368
13,3,vague,33,3.894
13,4,inevitable,80,8.52
13,5,unknown,7,3.316
13,6,questionable,27,2.171
13,7,risky,79,2.229
13,8,doubtful,34,2.347
13,9,unexpected,70,3.332
13,10,possible,92,3.501
13,11,confident,9,2.213
13,12,definite,92,3.956
13,13,improbable,73,2.475
13,14,erratic,50,2.699
13,15,certain,72,2.029
13,16,predictable,30,3.093
13,17,frequent,51,3.932
13,18,ambiguous,69,3.842
16,1,vague,92,12.24
16,2,erratic,90,2.662
16,3,confident,5,2.41
16,4,possible,84,4.164
16,5,doubtful,100,2.723
16,6,risky,10,2.472
16,7,inevitable,100,2.565
16,8,unknown,100,3.415
16,9,certain,100,1.659
16,10,unexpected,100,3.816
16,11,likely,39,1.521
16,12,improbable,31,1.936
16,13,questionable,92,1.683
16,14,uncertain,71,1.868
16,15,definite,92,2.539
16,16,frequent,14,2.497
16,17,predictable,4,6.906
16,18,ambiguous,95,1.128
17,1,definite,50,57.248
17,2,certain,50,6.388
17,3,vague,40,6.863
17,4,inevitable,50,30.051
17,5,improbable,60,10.646
17,6,uncertain,30,10.299
17,7,predictable,60,23.593
17,8,unexpected,60,6.909
17,9,risky,40,11.595
17,10,frequent,50,5.115
17,11,erratic,50,10.609
17,12,likely,50,7.06
17,13,questionable,50,5.12
17,14,unknown,50,6.267
17,15,confident,40,8.204
17,16,doubtful,40,6.316
17,17,ambiguous,50,3.837
17,18,possible,50,4.218
18,1,vague,28,8.012
18,2,predictable,79,1.751
18,3,uncertain,72,2.893
18,4,inevitable,86,2.924
18,5,unexpected,82,2.472
18,6,likely,70,4.049
18,7,risky,32,2.232
18,8,questionable,37,1.602
18,9,frequent,81,1.942
18,10,doubtful,27,2.276
18,11,confident,32,1.979
18,12,ambiguous,21,2.066
18,13,unknown,21,2.374
18,14,definite,84,2.159
18,15,possible,81,1.734
18,16,erratic,95,3.501
18,17,certain,65,1.743
18,18,improbable,78,2.74
21,1,inevitable,92,5.741
21,2,ambiguous,51,6.231
21,3,predictable,81,2.979
21,4,unknown,30,4.138
21,5,erratic,91,2.664
21,6,unexpected,87,4.055
21,7,certain,51,3.877
21,8,improbable,84,2.555
21,9,questionable,42,4.961
21,10,risky,98,2.559
21,11,likely,67,4.963
21,12,definite,20,5.226
21,13,confident,11,2.202
21,14,frequent,86,2.872
21,15,vague,51,2.686
21,16,doubtful,27,3.214
21,17,uncertain,29,2.333
21,18,possible,65,4.457
22,1,predictable,79,2.219
22,2,frequent,21,3.634
22,3,possible,75,18.038
22,4,certain,76,2.049
22,5,vague,23,2.866
22,6,risky,88,2.956
22,7,confident,25,1.792
22,8,ambiguous,29,1.692
22,9,uncertain,65,2.714
22,10,improbable,37,1.09
22,11,likely,69,2.024
22,12,definite,27,2.125
22,13,doubtful,22,1.544
22,14,unknown,84,1.866
22,15,questionable,17,2.014
22,16,inevitable,27,2.391
22,17,unexpected,77,2.601
22,18,erratic,70,1.698
23,1,unexpected,82,16.63
23,2,inevitable,78,5.013
23,3,uncertain,32,2.795
23,4,unknown,89,2.948
23,5,frequent,30,3.168
23,6,ambiguous,23,2.907
23,7,definite,22,2.599
23,8,likely,22,2.682
23,9,risky,21,3.171
23,10,possible,73,5.242
23,11,predictable,77,3.655
23,12,erratic,20,3.036
23,13,certain,26,3.39
23,14,questionable,31,4.227
23,15,confident,33,2.325
23,16,improbable,84,3.576
23,17,doubtful,34,1.608
23,18,vague,32,3.107
24,1,risky,85,6.069
24,2,confident,8,13.576
24,3,likely,70,4.245
24,4,vague,55,7.39
24,5,unknown,87,4.025
24,6,predictable,66,3.401
24,7,improbable,92,3.878
24,8,doubtful,39,5.168
24,9,certain,11,5.166
24,10,definite,14,2.506
24,11,erratic,68,4.174
24,12,frequent,62,3.54
24,13,unexpected,100,2.673
24,14,inevitable,67,3.774
24,15,ambiguous,61,5.156
24,16,possible,63,13.211
24,17,questionable,35,2.424
24,18,uncertain,14,2.655
26,1,definite,98,6.215
26,2,possible,49,7.057
26,3,unknown,100,12.796
26,4,inevitable,50,4.571
26,5,erratic,32,3.617
26,6,questionable,0,2.927
26,7,confident,0,2.109
26,8,frequent,91,2.752
26,9,doubtful,31,2.005
26,10,risky,13,1.913
26,11,likely,61,2.821
26,12,uncertain,45,4.904
26,13,predictable,59,5.667
26,14,unexpected,0,3.561
26,15,vague,35,2.181
26,16,ambiguous,30,2.02
26,17,certain,18,2.026
26,18,improbable,71,2.452
27,1,possible,62,11.793
27,2,definite,79,3.617
27,3,risky,19,4.164
27,4,doubtful,69,3.283
27,5,frequent,84,2.427
27,6,vague,78,7.576
27,7,uncertain,75,2.124
27,8,certain,92,2.635
27,9,unexpected,23,3.695
27,10,questionable,19,2.325
27,11,confident,3,4.966
27,12,unknown,70,3.927
27,13,ambiguous,60,3.259
27,14,erratic,31,3.459
27,15,inevitable,61,2.863
27,16,predictable,26,2.281
27,17,likely,61,4.131
27,18,improbable,73,2.978
28,1,ambiguous,75,14.311
28,2,definite,25,21.419
28,3,confident,0,8.268
28,4,predictable,100,9.74
28,5,possible,65,14.287
28,6,vague,70,7.755
28,7,doubtful,35,145.962
28,8,certain,45,7.881
28,9,improbable,90,17.174
28,10,risky,80,8.287
28,11,erratic,100,5.847
28,12,questionable,40,6.307
28,13,unexpected,0,12.389
28,14,frequent,100,6.498
28,15,likely,70,19.332
28,16,inevitable,100,6.655
28,17,uncertain,40,7.341
28,18,unknown,20,11.791
29,1,improbable,15,11.561
29,2,confident,16,1.724
29,3,doubtful,24,1.155
29,4,vague,12,1.922
29,5,likely,0,2.314
29,6,inevitable,0,0.919
29,7,risky,0,1.218
29,8,uncertain,0,1.046
29,9,possible,12,1.105
29,10,unknown,0,0.978
29,11,questionable,20,1.374
29,12,unexpected,0,1.371
29,13,definite,0,1.3
29,14,predictable,0,1.076
29,15,ambiguous,0,1.303
29,16,erratic,0,0.921
29,17,certain,0,1.023
29,18,frequent,0,1.123
32,1,possible,72,12.745
32,2,improbable,72,3.967
32,3,confident,9,4.052
32,4,unexpected,53,4.051
32,5,ambiguous,71,4.198
32,6,uncertain,21,2.59
32,7,frequent,48,2.643
32,8,inevitable,89,3.646
32,9,likely,78,2.059
32,10,definite,82,1.824
32,11,risky,30,4.631
32,12,unknown,20,4.183
32,13,doubtful,27,2.961
32,14,predictable,79,3.541
32,15,erratic,63,3.312
32,16,certain,89,2.825
32,17,vague,54,2.002
32,18,questionable,45,2.671
33,1,definite,50,11.726
33,2,ambiguous,71,4.618
33,3,unknown,30,5.933
33,4,questionable,60,3.101
33,5,likely,71,3.879
33,6,predictable,81,2.094
33,7,certain,93,4
33,8,possible,84,3.161
33,9,uncertain,33,2.071
33,10,confident,95,2.534
33,11,vague,18,4.146
33,12,unexpected,26,2.446
33,13,inevitable,41,2.199
33,14,erratic,82,3.847
33,15,frequent,76,1.495
33,16,risky,84,1.405
33,17,improbable,90,1.648
33,18,doubtful,96,1.65
34,1,improbable,65,12.21
34,2,confident,19,2.76
34,3,frequent,42,4.324
34,4,unexpected,62,2.589
34,5,vague,70,3.722
34,6,predictable,70,5.665
34,7,possible,89,3.969
34,8,likely,66,3.269
34,9,questionable,65,3.807
34,10,unknown,75,4.76
34,11,doubtful,27,6.911
34,12,erratic,73,4.942
34,13,definite,66,3.571
34,14,uncertain,74,3.627
34,15,inevitable,100,3.417
34,16,ambiguous,65,16.17
34,17,risky,68,2.834
34,18,certain,37,5.638
35,1,uncertain,19,9.472
35,2,certain,100,3.02
35,3,unknown,51,2.051
35,4,possible,71,3.736
35,5,confident,40,3.226
35,6,ambiguous,51,2.434
35,7,definite,100,3.59
35,8,vague,61,4.041
35,9,frequent,82,2.873
35,10,predictable,82,2.962
35,11,improbable,60,4.294
35,12,inevitable,91,3.03
35,13,unexpected,30,3.151
35,14,erratic,76,4.457
35,15,doubtful,19,3.231
35,16,risky,51,2.8
35,17,likely,73,3.257
35,18,questionable,81,3.428
36,1,vague,30,21.121
36,2,unexpected,99,5.994
36,3,uncertain,86,13.642
36,4,possible,91,7.176
36,5,inevitable,0,10.572
36,6,confident,1,5.073
36,7,doubtful,61,8.467
36,8,ambiguous,67,6.412
36,9,certain,0,4.467
36,10,predictable,100,6.283
36,11,unknown,33,12.813
36,12,likely,22,14.355
36,13,risky,23,18.455
36,14,questionable,39,7.684
36,15,frequent,74,6.952
36,16,definite,12,5.372
36,17,erratic,83,7.315
36,18,improbable,21,4.856
37,1,inevitable,9,12.361
37,2,unknown,12,3.826
37,3,doubtful,54,3.608
37,4,questionable,8,4.639
37,5,risky,11,4.328
37,6,improbable,39,2.371
37,7,vague,26,2.016
37,8,frequent,18,2.512
37,9,definite,0,2.832
37,10,uncertain,74,4.63
37,11,confident,18,1.971
37,12,predictable,15,3.17
37,13,possible,16,2.089
37,14,unexpected,66,2.158
37,15,ambiguous,51,1.66
37,16,erratic,52,2.222
37,17,certain,13,4.254
37,18,likely,17,2.371
38,1,frequent,26,23.352
38,2,confident,16,4.753
38,3,uncertain,80,3.4
38,4,doubtful,73,14.947
38,5,unexpected,72,2.706
38,6,possible,29,1.512
38,7,vague,61,8.62
38,8,improbable,75,4.018
38,9,certain,28,3.933
38,10,predictable,27,2.338
38,11,unknown,75,7.446
38,12,risky,32,6.462
38,13,ambiguous,63,1.915
38,14,likely,24,1.442
38,15,questionable,67,5.625
38,16,definite,24,4.642
38,17,inevitable,37,1.924
38,18,erratic,62,5.984
39,1,predictable,79,13.263
39,2,risky,91,6.481
39,3,confident,19,4.678
39,4,inevitable,68,4.187
39,5,uncertain,19,15.748
39,6,frequent,95,3.782
39,7,certain,34,8.097
39,8,ambiguous,89,4.182
39,9,unknown,7,3.262
39,10,possible,72,3.023
39,11,doubtful,58,3.767
39,12,improbable,79,2.498
39,13,unexpected,27,3.339
39,14,questionable,65,3.942
39,15,definite,34,3.347
39,16,erratic,86,2.639
39,17,vague,95,3.075
39,18,likely,89,2.364
40,1,unknown,100,15.965
40,2,confident,0,9.449
40,3,uncertain,100,3.363
40,4,definite,0,3.307
40,5,doubtful,100,3.227
40,6,ambiguous,100,2.926
40,7,likely,0,3.155
40,8,predictable,0,4.088
40,9,inevitable,100,9.778
40,10,unexpected,51,3.802
40,11,possible,50,8.179
40,12,erratic,100,3.26
40,13,questionable,100,2.889
40,14,certain,0,3.615
40,15,risky,100,3.045
40,16,improbable,100,3.32
40,17,frequent,0,3.675
40,18,vague,100,3.399
41,1,doubtful,30,14.856
41,2,inevitable,71,3.301
41,3,definite,71,2.623
41,4,vague,40,2.363
41,5,certain,40,2.881
41,6,confident,91,2.317
41,7,possible,70,2.948
41,8,likely,61,2.012
41,9,unexpected,29,2.035
41,10,improbable,41,1.655
41,11,questionable,20,2.419
41,12,predictable,82,2.716
41,13,ambiguous,72,2.615
41,14,frequent,60,1.954
41,15,erratic,30,2.981
41,16,risky,60,3.168
41,17,uncertain,83,3.149
41,18,unknown,31,4.09
42,1,erratic,36,15.331
42,2,likely,64,4.341
42,3,questionable,55,7.019
42,4,ambiguous,23,6.256
42,5,confident,7,4.646
42,6,doubtful,23,4.566
42,7,definite,86,7.556
42,8,possible,96,4.775
42,9,risky,9,10.064
42,10,uncertain,100,6.214
42,11,predictable,24,5.885
42,12,vague,30,4.963
42,13,unexpected,100,4.416
42,14,certain,86,8.673
42,15,improbable,17,4.165
42,16,unknown,68,5.642
42,17,inevitable,100,4.385
42,18,frequent,88,5.156
44,1,inevitable,93,12.915
44,2,possible,90,2.568
44,3,predictable,85,4.798
44,4,definite,71,3.177
44,5,vague,74,2.904
44,6,frequent,88,2.786
44,7,questionable,61,2.818
44,8,doubtful,14,2.59
44,9,improbable,76,2.845
44,10,confident,100,2.7
44,11,ambiguous,92,2.457
44,12,likely,100,2.78
44,13,certain,100,2.571
44,14,unknown,18,2.587
44,15,uncertain,0,3.147
44,16,unexpected,0,3.047
44,17,erratic,37,2.799
44,18,risky,0,2.923
45,1,risky,75,17.903
45,2,uncertain,50,16.969
45,3,possible,25,8.337
45,4,improbable,50,5.885
45,5,questionable,80,4.429
45,6,predictable,45,8.735
45,7,unknown,45,7.294
45,8,definite,0,13.931
45,9,erratic,100,2.285
45,10,frequent,20,5.585
45,11,doubtful,60,6.472
45,12,ambiguous,50,3.28
45,13,certain,10,7.407
45,14,vague,50,4.187
45,15,likely,60,9.596
45,16,confident,30,5.976
45,17,unexpected,90,4.301
45,18,inevitable,50,3.983
46,1,unknown,18,10.538
46,2,predictable,100,3.598
46,3,likely,67,3.414
46,4,improbable,82,3.156
46,5,vague,38,6.273
46,6,risky,76,3.19
46,7,frequent,79,3.056
46,8,doubtful,65,4.804
46,9,uncertain,64,4.663
46,10,questionable,24,8.643
46,11,unexpected,66,2.812
46,12,erratic,9,5.755
46,13,ambiguous,15,5.582
46,14,inevitable,100,4.905
46,15,possible,60,2.802
46,16,confident,28,3.675
46,17,definite,68,3.435
46,18,certain,28,3.761
48,1,vague,85,12.371
48,2,inevitable,20,8.377
48,3,erratic,77,3.502
48,4,confident,7,3.726
48,5,questionable,25,3.182
48,6,likely,75,3.671
48,7,uncertain,19,3.271
48,8,unexpected,78,2.589
48,9,certain,79,2.403
48,10,improbable,78,2.876
48,11,risky,71,2.814
48,12,predictable,82,2.51
48,13,doubtful,22,29.422
48,14,possible,23,3.076
48,15,ambiguous,80,2.539
48,16,unknown,19,2.611
48,17,definite,21,2.435
48,18,frequent,76,2.302
49,1,certain,20,20.623
49,2,frequent,89,4.893
49,3,improbable,100,3.489
49,4,erratic,65,3.809
49,5,confident,35,8.21
49,6,risky,60,3.543
49,7,vague,12,5.217
49,8,questionable,0,2.863
49,9,unknown,8,4.069
49,10,definite,52,5.337
49,11,unexpected,100,3.546
49,12,uncertain,93,3.217
49,13,doubtful,44,4.226
49,14,predictable,95,5.537
49,15,ambiguous,24,4.014
49,16,inevitable,9,4.106
49,17,likely,91,2.991
49,18,possible,77,3.879
50,1,definite,20,29.797
50,2,confident,9,6.355
50,3,possible,93,5.844
50,4,ambiguous,81,6.299
50,5,likely,56,6.641
50,6,risky,72,4.781
50,7,erratic,30,4.344
50,8,uncertain,71,2.865
50,9,frequent,61,3.849
50,10,certain,48,4.867
50,11,vague,71,3.082
50,12,improbable,51,2.334
50,13,doubtful,37,3.262
50,14,inevitable,91,3.737
50,15,questionable,34,3.38
50,16,predictable,31,4.032
50,17,unknown,93,3.806
50,18,unexpected,69,2.246
51,1,definite,0,14.026
51,2,possible,40,7.936
51,3,certain,0,5.581
51,4,erratic,90,3.577
51,5,predictable,32,4.371
51,6,doubtful,66,3.86
51,7,vague,60,3.006
51,8,ambiguous,50,4.138
51,9,uncertain,74,3.501
51,10,unexpected,77,4.67
51,11,unknown,48,6.935
51,12,likely,28,3.372
51,13,confident,25,5.769
51,14,questionable,53,3.276
51,15,improbable,86,5.591
51,16,risky,100,2.705
51,17,frequent,39,3.959
51,18,inevitable,0,5.291
52,1,definite,28,29.153
52,2,uncertain,79,4.673
52,3,risky,81,1.89
52,4,vague,75,2.061
52,5,confident,33,1.66
52,6,inevitable,27,1.687
52,7,unknown,45,5.814
52,8,ambiguous,82,4.028
52,9,erratic,85,1.68
52,10,frequent,45,2.095
52,11,unexpected,55,1.969
52,12,certain,34,1.726
52,13,possible,53,3.377
52,14,likely,60,1.728
52,15,improbable,63,3.027
52,16,doubtful,69,1.666
52,17,questionable,73,1.422
52,18,predictable,29,1.843
54,1,improbable,95,17.399
54,2,inevitable,95,2.775
54,3,vague,25,4.471
54,4,risky,85,4.828
54,5,doubtful,45,5.651
54,6,likely,45,4.342
54,7,questionable,50,3.31
54,8,frequent,70,4.538
54,9,uncertain,50,3.694
54,10,certain,50,2.641
54,11,unexpected,20,4.518
54,12,predictable,50,3.519
54,13,erratic,65,6.324
54,14,definite,80,4.774
54,15,ambiguous,40,4.491
54,16,unknown,25,5.706
54,17,possible,40,4.314
54,18,confident,15,4.474
55,1,likely,38,30.514
55,2,confident,32,18.301
55,3,risky,37,8.609
55,4,possible,33,4.707
55,5,definite,83,5.306
55,6,unknown,86,8.551
55,7,unexpected,88,4.18
55,8,certain,12,6.836
55,9,questionable,46,9.34
55,10,vague,47,5.266
55,11,inevitable,24,7.945
55,12,frequent,89,5.907
55,13,doubtful,78,4.668
55,14,erratic,54,3.785
55,15,predictable,45,5.057
55,16,uncertain,75,4.704
55,17,improbable,75,4.339
55,18,ambiguous,75,3.018
56,1,definite,30,36.311
56,2,doubtful,40,5.332
56,3,vague,70,4.503
56,4,improbable,91,3.281
56,5,risky,85,3.244
56,6,unknown,19,3.132
56,7,likely,81,4.397
56,8,confident,10,6.561
56,9,certain,9,3.352
56,10,inevitable,91,3.094
56,11,predictable,76,4.805
56,12,ambiguous,65,3.792
56,13,frequent,66,3.519
56,14,possible,45,5.875
56,15,unexpected,71,5.844
56,16,erratic,80,3.131
56,17,questionable,21,2.827
56,18,uncertain,19,2.196
57,1,inevitable,80,10.246
57,2,risky,91,7.819
57,3,doubtful,10,4.847
57,4,frequent,75,6.092
57,5,definite,22,5.141
57,6,likely,16,3.574
57,7,predictable,100,2.089
57,8,confident,0,2.649
57,9,unexpected,84,3.822
57,10,unknown,0,2.456
57,11,questionable,16,3.33
57,12,improbable,70,5.54
57,13,vague,12,2.896
57,14,erratic,86,2.593
57,15,possible,41,3.673
57,16,ambiguous,8,2.487
57,17,uncertain,23,3.743
57,18,certain,17,3.135
59,1,doubtful,50,13.645
59,2,improbable,50,4.792
59,3,frequent,50,2.983
59,4,risky,50,3.15
59,5,inevitable,50,2.812
59,6,confident,50,3.756
59,7,unexpected,50,3.036
59,8,possible,50,2.941
59,9,ambiguous,50,4.124
59,10,certain,50,2.572
59,11,definite,50,2.854
59,12,likely,50,3.915
59,13,unknown,50,2.867
59,14,erratic,50,2.436
59,15,uncertain,50,8.066
59,16,questionable,50,2.777
59,17,vague,50,3.227
59,18,predictable,50,2.957
60,1,ambiguous,59,21.421
60,2,questionable,39,7.188
60,3,possible,55,4.186
60,4,likely,46,3.638
60,5,certain,47,5.884
60,6,definite,46,3.561
60,7,erratic,64,3.137
60,8,predictable,43,3.026
60,9,unexpected,58,2.631
60,10,confident,44,10.353
60,11,inevitable,45,2.904
60,12,improbable,56,3.565
60,13,doubtful,49,2.905
60,14,unknown,53,3.262
60,15,risky,46,2.975
60,16,uncertain,47,2.521
60,17,frequent,43,2.968
60,18,vague,55,3.94
61,1,unknown,42,6.267
61,2,inevitable,74,4.507
61,3,vague,61,5.821
61,4,likely,65,5.883
61,5,unexpected,69,3.813
61,6,certain,24,3.738
61,7,ambiguous,68,3.884
61,8,doubtful,59,3.092
61,9,erratic,72,4.427
61,10,definite,28,4.504
61,11,questionable,60,5.463
61,12,improbable,69,2.582
61,13,predictable,36,2.63
61,14,possible,46,3.871
61,15,uncertain,66,2.884
61,16,confident,30,3.182
61,17,frequent,12,3.382
61,18,risky,65,3.195
62,1,certain,0,27.235
62,2,uncertain,30,11.799
62,3,frequent,90,38.036
62,4,vague,70,5.668
62,5,likely,30,87.456
62,6,predictable,70,24.185
62,7,improbable,40,20.021
62,8,inevitable,100,148.505
62,9,questionable,30,4.628
62,10,ambiguous,75,10.254
62,11,unexpected,66,36.898
62,12,erratic,66,42.305
62,13,risky,80,8.59
62,14,definite,100,5.653
62,15,possible,25,3.161
62,16,confident,80,8.632
62,17,unknown,90,47.83
62,18,doubtful,20,14.386
63,1,certain,50,197.951
63,2,ambiguous,60,15.319
63,3,uncertain,50,7.3
63,4,frequent,50,8.895
63,5,risky,50,9.819
63,6,questionable,55,12.172
63,7,doubtful,75,15.416
63,8,unexpected,50,10.514
63,9,erratic,60,5.727
63,10,predictable,65,7.985
63,11,inevitable,80,13.551
63,12,possible,50,8.26
63,13,vague,65,7.229
63,14,improbable,75,8.496
63,15,confident,40,9.441
63,16,unknown,60,7.734
63,17,definite,50,19.357
63,18,likely,65,22.153
66,1,uncertain,29,17.31
66,2,unexpected,84,5.35
66,3,risky,19,6.052
66,4,questionable,45,9.271
66,5,definite,61,15.387
66,6,improbable,61,4.379
66,7,possible,54,9.132
66,8,frequent,66,6.25
66,9,doubtful,30,3.256
66,10,predictable,36,5.216
66,11,confident,23,3.503
66,12,likely,57,3.51
66,13,erratic,69,5.145
66,14,ambiguous,42,3.371
66,15,unknown,9,5.001
66,16,inevitable,55,3.826
66,17,vague,54,4.02
66,18,certain,43,4.057
67,1,doubtful,22,40.342
67,2,vague,42,33.803
67,3,possible,73,4.254
67,4,erratic,45,7.527
67,5,questionable,28,4.256
67,6,unknown,85,3.785
67,7,definite,70,9.36
67,8,frequent,47,2.636
67,9,certain,63,9.493
67,10,improbable,74,8.742
67,11,confident,23,9.702
67,12,ambiguous,67,3.828
67,13,unexpected,72,28.197
67,14,uncertain,61,2.333
67,15,inevitable,63,11.6
67,16,risky,73,9.266
67,17,likely,36,3.018
67,18,predictable,28,2.519
68,1,doubtful,0,5.253
68,2,inevitable,100,3.397
68,3,risky,50,3.809
68,4,improbable,100,4.577
68,5,ambiguous,50,3.532
68,6,definite,100,2.285
68,7,certain,100,3.074
68,8,frequent,100,5.482
68,9,possible,50,3.67
68,10,vague,50,5.799
68,11,confident,0,13.294
68,12,questionable,50,3.688
68,13,unknown,100,4.361
68,14,predictable,50,14.716
68,15,unexpected,50,3.582
68,16,uncertain,50,4.213
68,17,erratic,50,4.696
68,18,likely,50,4.826
70,1,doubtful,30,30.389
70,2,erratic,83,33.578
70,3,frequent,81,6.955
70,4,risky,19,3.425
70,5,unknown,10,10.597
70,6,questionable,9,4.697
70,7,uncertain,4,2.856
70,8,vague,15,5.184
70,9,confident,92,7.672
70,10,certain,20,27.9
70,11,unexpected,73,8.372
70,12,predictable,50,9.821
70,13,inevitable,80,9.878
70,14,possible,69,46.617
70,15,improbable,24,5.283
70,16,ambiguous,76,4.988
70,17,definite,13,4.693
70,18,likely,80,3.095
71,1,confident,46,33.678
71,2,likely,71,83.42
71,3,unknown,50,23.229
71,4,inevitable,91,18.545
71,5,unexpected,82,19.573
71,6,certain,71,18.572
71,7,doubtful,19,20.539
71,8,improbable,71,8.511
71,9,predictable,51,9.188
71,10,questionable,33,25.265
71,11,possible,61,6.831
71,12,vague,91,8.873
71,13,uncertain,86,6.968
71,14,risky,51,10.895
71,15,definite,51,8.493
71,16,erratic,39,7.523
71,17,ambiguous,44,6.909
71,18,frequent,40,12.694
73,1,certain,40,15.971
73,2,risky,80,8.402
73,3,ambiguous,70,6.955
73,4,inevitable,85,6.822
73,5,unexpected,90,412.47
73,6,uncertain,85,10.846
73,7,improbable,71,4.849
73,8,erratic,82,3.516
73,9,possible,17,8.996
73,10,confident,10,3.479
73,11,vague,58,2.778
73,12,doubtful,30,6.02
73,13,predictable,19,5.68
73,14,questionable,84,4.35
73,15,frequent,39,6.79
73,16,definite,11,4.836
73,17,likely,31,3.306
73,18,unknown,86,3.749
74,1,frequent,66,25.435
74,2,likely,71,30.798
74,3,unexpected,77,5.527
74,4,risky,62,4.105
74,5,vague,39,3.566
74,6,improbable,70,3.054
74,7,predictable,37,2.909
74,8,definite,49,3.955
74,9,certain,46,1.758
74,10,ambiguous,52,2.08
74,11,erratic,49,1.985
74,12,unknown,54,2.14
74,13,possible,62,1.951
74,14,uncertain,60,1.584
74,15,questionable,39,2.831
74,16,doubtful,30,3.669
74,17,inevitable,57,2.425
74,18,confident,45,2.733
75,1,inevitable,50,27.112
75,2,uncertain,60,16.24
75,3,likely,19,10.053
75,4,risky,51,4.222
75,5,unknown,91,5.033
75,6,certain,19,3.096
75,7,erratic,51,2.613
75,8,definite,9,7.057
75,9,possible,18,2.801
75,10,confident,30,5.694
75,11,vague,76,8.051
75,12,ambiguous,51,3.252
75,13,predictable,29,3.718
75,14,questionable,70,5.643
75,15,frequent,29,3.183
75,16,unexpected,51,2.563
75,17,improbable,51,2.297
75,18,doubtful,84,5.142
76,1,risky,65,18.559
76,2,confident,17,7.788
76,3,frequent,63,5.516
76,4,unknown,90,2.038
76,5,ambiguous,51,2.312
76,6,likely,20,2.653
76,7,erratic,87,3.438
76,8,inevitable,75,2.316
76,9,improbable,75,3.061
76,10,predictable,22,3.968
76,11,possible,43,2.818
76,12,doubtful,15,7.273
76,13,certain,18,4.956
76,14,uncertain,89,1.959
76,15,definite,20,6.502
76,16,vague,66,7.035
76,17,questionable,16,3.357
76,18,unexpected,75,3.631
77,1,improbable,50,18.597
77,2,questionable,60,12.292
77,3,inevitable,100,9.823
77,4,doubtful,49,3.664
77,5,vague,24,4.995
77,6,risky,11,8.782
77,7,uncertain,49,4.79
77,8,confident,0,12.248
77,9,possible,50,8.078
77,10,certain,100,6.172
77,11,likely,8,2.725
77,12,frequent,66,5.911
77,13,unknown,100,3.466
77,14,definite,51,8.826
77,15,ambiguous,52,5.37
77,16,predictable,73,7.702
77,17,erratic,98,10.967
77,18,unexpected,98,2.428
78,1,inevitable,100,6.607
78,2,doubtful,0,4.29
78,3,questionable,42,7.203
78,4,certain,0,5.524
78,5,likely,75,14.119
78,6,risky,96,3.985
78,7,possible,73,2.884
78,8,vague,24,3.641
78,9,ambiguous,72,4.663
78,10,predictable,76,2.817
78,11,unknown,27,6.501
78,12,confident,21,4.538
78,13,uncertain,83,5.405
78,14,frequent,75,6.201
78,15,definite,87,3.983
78,16,improbable,88,4.646
78,17,erratic,77,4.32
78,18,unexpected,100,8.618
80,1,definite,38,17.21
80,2,unexpected,68,7.95
80,3,frequent,41,5.047
80,4,questionable,65,3.92
80,5,certain,38,10.396
80,6,likely,70,4.443
80,7,possible,38,7.919
80,8,erratic,69,24.227
80,9,improbable,69,6
80,10,unknown,62,3.298
80,11,vague,36,3.439
80,12,predictable,23,3.425
80,13,uncertain,75,9.231
80,14,risky,77,3.772
80,15,ambiguous,40,14.163
80,16,inevitable,65,5.334
80,17,doubtful,73,4.884
80,18,confident,21,3.787
81,1,unknown,40,14.87
81,2,questionable,60,6.77
81,3,likely,30,16.388
81,4,frequent,70,6.492
81,5,vague,50,13.264
81,6,predictable,40,12.221
81,7,certain,10,5.577
81,8,unexpected,95,8.307
81,9,definite,20,6.935
81,10,ambiguous,75,8.242
81,11,risky,50,4.352
81,12,possible,40,6.556
81,13,uncertain,50,4.279
81,14,inevitable,10,15.208
81,15,doubtful,35,6.554
81,16,improbable,55,5.234
81,17,confident,0,6.407
81,18,erratic,90,5.3
82,1,confident,87,22.456
82,2,improbable,70,11.787
82,3,frequent,75,14.89
82,4,questionable,35,10.785
82,5,unexpected,44,14.038
82,6,inevitable,99,8.256
82,7,likely,43,12.364
82,8,possible,55,20.176
82,9,erratic,34,36.028
82,10,uncertain,33,11.168
82,11,unknown,100,21.01
82,12,vague,27,16.074
82,13,ambiguous,50,13.771
82,14,predictable,72,13.793
82,15,certain,98,9.151
82,16,doubtful,66,17.083
82,17,definite,100,12.971
82,18,risky,49,14.228
83,1,frequent,0,24.491
83,2,possible,84,4.661
83,3,inevitable,13,4.573
83,4,erratic,100,3.38
83,5,vague,6,6.933
83,6,uncertain,23,4.032
83,7,unknown,50,8.151
83,8,unexpected,95,6.456
83,9,likely,36,4.94
83,10,doubtful,0,4.32
83,11,definite,39,11.256
83,12,ambiguous,51,9.507
83,13,questionable,82,6.292
83,14,confident,0,6.843
83,15,certain,4,4.565
83,16,improbable,64,5.695
83,17,risky,100,1.974
83,18,predictable,21,3.862
84,1,predictable,80,41.222
84,2,unknown,50,7.511
84,3,risky,20,10.605
84,4,frequent,80,11.4
84,5,confident,91,9.647
84,6,inevitable,92,26.649
84,7,ambiguous,20,26.023
84,8,questionable,70,10.097
84,9,certain,100,4.686
84,10,uncertain,30,17.534
84,11,erratic,50,8.348
84,12,unexpected,50,7.249
84,13,improbable,85,27.538
84,14,vague,50,4.932
84,15,doubtful,75,8.024
84,16,possible,80,9.841
84,17,likely,85,12.189
84,18,definite,100,4.186
85,1,erratic,95,16.127
85,2,ambiguous,50,7.138
85,3,risky,70,14.676
85,4,unknown,50,4.16
85,5,vague,50,4.547
85,6,uncertain,40,7.655
85,7,predictable,50,10.202
85,8,doubtful,10,15.272
85,9,possible,30,7.599
85,10,definite,80,8.11
85,11,confident,1,9
85,12,certain,35,9.775
85,13,inevitable,100,6.591
85,14,questionable,40,7.39
85,15,frequent,63,5.343
85,16,improbable,95,7.772
85,17,likely,50,5.629
85,18,unexpected,70,5.072
86,1,predictable,0,10.02
86,2,ambiguous,100,4.943
86,3,vague,80,5.897
86,4,definite,0,3.398
86,5,possible,70,7.047
86,6,unexpected,100,3.279
86,7,improbable,41,4.094
86,8,erratic,44,4.03
86,9,uncertain,100,2.397
86,10,frequent,25,3.133
86,11,questionable,100,2.983
86,12,inevitable,0,3.626
86,13,doubtful,46,32.752
86,14,certain,0,2.578
86,15,risky,45,4.484
86,16,confident,0,3.942
86,17,likely,0,2.54
86,18,unknown,100,2.515
87,1,likely,82,51.332
87,2,confident,83,37.695
87,3,vague,31,15.949
87,4,frequent,82,5.599
87,5,ambiguous,40,33.6
87,6,unexpected,32,5.982
87,7,doubtful,40,5.713
87,8,questionable,35,5.482
87,9,improbable,36,7.07
87,10,inevitable,73,11.26
87,11,certain,80,7.118
87,12,unknown,10,6.171
87,13,possible,72,5.17
87,14,uncertain,31,6.118
87,15,predictable,30,5.525
87,16,risky,20,4.888
87,17,erratic,31,7.776
87,18,definite,72,5.76
92,1,vague,55,22.757
92,2,unknown,76,8.982
92,3,possible,77,8.877
92,4,confident,5,15.583
92,5,definite,0,8.18
92,6,uncertain,87,7.368
92,7,risky,100,3.743
92,8,improbable,82,6
92,9,predictable,30,6.923
92,10,unexpected,90,6.047
92,11,likely,31,3.382
92,12,questionable,52,7.688
92,13,certain,0,3.294
92,14,doubtful,25,5.967
92,15,inevitable,0,6.289
92,16,frequent,45,6.289
92,17,ambiguous,44,6.586
92,18,erratic,91,4.379
93,1,definite,80,14.509
93,2,possible,80,4.582
93,3,predictable,80,3.152
93,4,erratic,50,6.322
93,5,frequent,80,2.969
93,6,likely,80,5.638
93,7,improbable,50,3.458
93,8,uncertain,50,4.423
93,9,unknown,10,4.168
93,10,inevitable,80,6.833
93,11,certain,50,4.986
93,12,vague,80,4.757
93,13,questionable,50,3.332
93,14,confident,10,3.908
93,15,risky,50,5.167
93,16,unexpected,80,4.044
93,17,doubtful,50,3.447
93,18,ambiguous,50,3.01
94,1,likely,83,6.436
94,2,unexpected,100,5.376
94,3,predictable,40,3.864
94,4,ambiguous,67,3.967
94,5,erratic,88,3.591
94,6,unknown,29,4.562
94,7,inevitable,13,7.821
94,8,risky,78,10.303
94,9,definite,0,4.704
94,10,possible,55,3.537
94,11,vague,69,3.149
94,12,uncertain,93,2.511
94,13,frequent,39,35.387
94,14,questionable,12,4.841
94,15,certain,25,3.113
94,16,confident,0,4.008
94,17,doubtful,37,10.622
94,18,improbable,96,4.577
95,1,possible,80,11.088
95,2,uncertain,31,6.469
95,3,improbable,83,4.648
95,4,predictable,79,5.556
95,5,questionable,20,6.006
95,6,ambiguous,23,2.609
95,7,likely,86,1.778
95,8,unknown,14,3.466
95,9,certain,16,1.565
95,10,inevitable,100,3.149
95,11,definite,31,1.688
95,12,confident,0,2.338
95,13,vague,36,3.008
95,14,frequent,76,2.158
95,15,unexpected,28,2.409
95,16,erratic,74,2.558
95,17,doubtful,21,2.008
95,18,risky,79,2.343
97,1,questionable,19,12.659
97,2,unexpected,71,4.04
97,3,likely,72,3.824
97,4,vague,50,6.205
97,5,erratic,62,3.955
97,6,unknown,50,3.352
97,7,risky,63,3.153
97,8,ambiguous,70,5.534
97,9,doubtful,29,2.405
97,10,possible,31,5.436
97,11,confident,1,3.356
97,12,improbable,64,3.64
97,13,certain,33,4.383
97,14,definite,73,3.469
97,15,frequent,68,2.167
97,16,predictable,66,2.23
97,17,inevitable,57,2.178
97,18,uncertain,73,3.105
98,1,certain,39,15.131
98,2,confident,20,6.124
98,3,inevitable,71,8.846
98,4,definite,28,7.708
98,5,ambiguous,83,4.004
98,6,doubtful,40,3.233
98,7,questionable,62,5.927
98,8,unknown,89,4.748
98,9,frequent,29,3.597
98,10,improbable,72,6.305
98,11,erratic,71,3.529
98,12,vague,61,4.074
98,13,predictable,29,5.695
98,14,unexpected,80,4.388
98,15,risky,62,5.572
98,16,possible,20,5.785
98,17,uncertain,73,5.345
98,18,likely,32,3.845
99,1,unexpected,71,16.324
99,2,confident,1,5.015
99,3,doubtful,14,3.618
99,4,uncertain,20,14.466
99,5,improbable,80,3.702
99,6,inevitable,51,3.138
99,7,erratic,40,4.462
99,8,questionable,18,8.707
99,9,possible,8,5.074
99,10,unknown,86,6.496
99,11,predictable,83,3.819
99,12,definite,10,7.749
99,13,ambiguous,82,4.123
99,14,certain,3,3.37
99,15,vague,90,9.46
99,16,likely,9,4.454
99,17,frequent,72,5.163
99,18,risky,81,4.251
100,1,definite,10,14.103
100,2,confident,34,45.753
100,3,unknown,83,3.944
100,4,doubtful,63,3.088
100,5,frequent,35,2.349
100,6,ambiguous,80,2.441
100,7,erratic,79,2.953
100,8,inevitable,47,4.915
100,9,questionable,68,9.456
100,10,risky,72,12.136
100,11,likely,31,2.795
100,12,uncertain,80,12.977
100,13,possible,23,9.264
100,14,vague,74,10.953
100,15,improbable,36,45.079
100,16,unexpected,72,6.737
100,17,predictable,28,3.368
100,18,certain,23,2.964
101,1,risky,100,32.403
101,2,doubtful,40,5.224
101,3,inevitable,30,5.672
101,4,certain,10,6.137
101,5,uncertain,100,13.628
101,6,unknown,100,3.633
101,7,confident,30,3.546
101,8,unexpected,90,3.496
101,9,predictable,0,3.417
101,10,possible,10,2.55
101,11,vague,80,3.377
101,12,erratic,70,3.779
101,13,improbable,70,3.392
101,14,likely,15,10.295
101,15,ambiguous,35,3.796
101,16,frequent,65,5.237
101,17,questionable,65,6.655
101,18,definite,30,3.845
102,1,inevitable,100,14.308
102,2,possible,25,9.091
102,3,doubtful,20,7.202
102,4,likely,28,3.33
102,5,ambiguous,71,3.04
102,6,unknown,15,4.022
102,7,unexpected,81,4.208
102,8,erratic,82,5.784
102,9,predictable,10,3.143
102,10,improbable,78,2.313
102,11,uncertain,23,3.413
102,12,risky,14,2.119
102,13,frequent,80,1.904
102,14,certain,85,1.756
102,15,vague,17,3.155
102,16,definite,95,3.015
102,17,confident,7,1.974
102,18,questionable,51,5.292
103,1,definite,28,35.184
103,2,predictable,73,7.165
103,3,questionable,73,15.172
103,4,vague,30,11.909
103,5,erratic,67,4.76
103,6,likely,50,5.929
103,7,doubtful,63,12.438
103,8,uncertain,63,15.575
103,9,inevitable,66,71.672
103,10,possible,73,8.766
103,11,frequent,79,4.694
103,12,unknown,69,10.418
103,13,unexpected,70,7.715
103,14,confident,31,6.598
103,15,certain,26,3.938
103,16,ambiguous,28,12.581
103,17,risky,82,4.444
103,18,improbable,38,14.761
104,1,confident,1,17.039
104,2,frequent,92,5.105
104,3,likely,81,4.352
104,4,unexpected,33,5.186
104,5,questionable,32,4.926
104,6,improbable,71,6.204
104,7,risky,70,4.286
104,8,certain,0,5.043
104,9,definite,9,5.678
104,10,erratic,84,3.903
104,11,ambiguous,68,5.921
104,12,possible,83,5.392
104,13,predictable,91,5.347
104,14,unknown,15,4.068
104,15,doubtful,38,6.933
104,16,inevitable,97,4.64
104,17,uncertain,17,4.26
104,18,vague,35,4.528
107,1,questionable,26,6.058
107,2,vague,70,2.596
107,3,unexpected,100,2.565
107,4,likely,70,2.884
107,5,uncertain,77,5.497
107,6,predictable,80,5.63
107,7,erratic,100,2.513
107,8,possible,90,2.611
107,9,frequent,88,2.163
107,10,definite,58,2.769
107,11,improbable,28,3.87
107,12,doubtful,0,2.361
107,13,unknown,21,3.491
107,14,certain,32,5.893
107,15,ambiguous,74,4.718
107,16,confident,5,11.086
107,17,inevitable,97,1.895
107,18,risky,73,2.489
108,1,inevitable,92,27.193
108,2,frequent,38,6.578
108,3,uncertain,69,7.508
108,4,unexpected,44,9.762
108,5,questionable,14,4.57
108,6,unknown,8,6.848
108,7,possible,33,12.017
108,8,predictable,74,5.681
108,9,definite,96,4.143
108,10,risky,83,4.545
108,11,likely,73,8.577
108,12,improbable,66,25.924
108,13,doubtful,36,4.493
108,14,confident,9,3.821
108,15,erratic,87,2.976
108,16,certain,73,11.679
108,17,ambiguous,77,4.6
108,18,vague,72,11.98
109,1,possible,66,11.026
109,2,predictable,35,9.658
109,3,risky,72,1.827
109,4,ambiguous,69,1.839
109,5,definite,23,2.084
109,6,inevitable,76,2.753
109,7,frequent,84,5.27
109,8,unknown,100,2.202
109,9,unexpected,87,2.047
109,10,improbable,65,1.726
109,11,vague,71,2.762
109,12,questionable,76,3.212
109,13,doubtful,75,1.753
109,14,confident,18,2.684
109,15,likely,23,2.222
109,16,certain,0,1.893
109,17,erratic,100,1.957
109,18,uncertain,63,2.848
110,1,confident,10,12.511
110,2,erratic,85,5.933
110,3,predictable,51,5.377
110,4,definite,41,4.804
110,5,doubtful,60,3.352
110,6,questionable,71,4.111
110,7,risky,86,2.583
110,8,inevitable,45,2.721
110,9,uncertain,58,2.232
110,10,unknown,50,5.261
110,11,unexpected,70,5.04
110,12,likely,45,2.436
110,13,improbable,66,3.136
110,14,ambiguous,74,2.152
110,15,vague,81,1.864
110,16,certain,43,2.08
110,17,possible,54,4.775
110,18,frequent,50,5.216
112,1,likely,21,21.697
112,2,possible,57,11.32
112,3,improbable,60,6.236
112,4,inevitable,69,8.779
112,5,certain,28,17.39
112,6,questionable,47,6.666
112,7,predictable,27,5.877
112,8,confident,41,4.591
112,9,definite,48,5.728
112,10,vague,55,3.817
112,11,frequent,50,6.338
112,12,doubtful,44,38.091
112,13,unexpected,72,4.844
112,14,unknown,60,6.138
112,15,risky,67,5.741
112,16,erratic,80,4.101
112,17,ambiguous,49,7.203
112,18,uncertain,55,4.699
114,1,risky,74,13.023
114,2,inevitable,0,12.081
114,3,predictable,36,11.342
114,4,questionable,25,7.999
114,5,definite,100,6.187
114,6,improbable,70,6.995
114,7,unexpected,68,6.364
114,8,vague,100,5.211
114,9,doubtful,24,5.083
114,10,likely,27,7.232
114,11,possible,72,7.411
114,12,ambiguous,7,9.311
114,13,frequent,100,5.416
114,14,confident,0,6.782
114,15,erratic,7,8.877
114,16,certain,2,11.499
114,17,unknown,25,7.432
114,18,uncertain,11,10.379
115,1,vague,55,22.37
115,2,inevitable,95,9.105
115,3,erratic,70,4.603
115,4,doubtful,10,6.666
115,5,unknown,55,3.991
115,6,unexpected,75,15.249
115,7,frequent,70,4.989
115,8,confident,10,8.155
115,9,predictable,40,6.08
115,10,questionable,35,4.867
115,11,certain,25,6.946
115,12,possible,55,9.05
115,13,risky,30,13.707
115,14,ambiguous,70,5.044
115,15,improbable,80,3.765
115,16,definite,50,4.408
115,17,uncertain,25,5.186
115,18,likely,50,3.702
116,1,unexpected,83,13.457
116,2,frequent,50,5.845
116,3,unknown,52,17.982
116,4,improbable,71,3.997
116,5,predictable,31,2.363
116,6,confident,52,1.961
116,7,possible,52,2.381
116,8,inevitable,28,3.197
116,9,vague,62,2.361
116,10,certain,51,68.384
116,11,risky,75,1.209
116,12,erratic,66,2.036
116,13,doubtful,40,1.489
116,14,definite,38,4.587
116,15,likely,36,1.629
116,16,uncertain,73,1.629
116,17,questionable,64,1.256
116,18,ambiguous,52,3.345
117,1,likely,70,17.352
117,2,ambiguous,60,13.072
117,3,erratic,95,4.882
117,4,unexpected,100,3.368
117,5,possible,70,5.408
117,6,certain,0,9.32
117,7,confident,40,6.939
117,8,frequent,40,7.575
117,9,predictable,30,5.695
117,10,uncertain,90,9.475
117,11,unknown,80,4.815
117,12,questionable,40,12.478
117,13,definite,0,2.284
117,14,risky,100,2.232
117,15,improbable,90,10.883
117,16,vague,50,11.185
117,17,doubtful,40,7.597
117,18,inevitable,0,2.396
118,1,ambiguous,82,6.236
118,2,erratic,84,3.708
118,3,frequent,68,9.862
118,4,likely,71,2.315
118,5,confident,29,2.665
118,6,risky,62,2.171
118,7,unknown,31,3.457
118,8,certain,28,2.059
118,9,vague,42,4.359
118,10,predictable,66,3.067
118,11,possible,76,3.864
118,12,improbable,75,2.232
118,13,doubtful,30,1.759
118,14,questionable,36,1.781
118,15,uncertain,35,3.365
118,16,unexpected,78,4.34
118,17,inevitable,78,2.612
118,18,definite,55,5.621
119,1,uncertain,52,40.042
119,2,doubtful,34,12.029
119,3,unknown,75,8.642
119,4,certain,46,4.698
119,5,predictable,43,3.81
119,6,erratic,62,3.394
119,7,likely,40,3.239
119,8,vague,50,3.052
119,9,risky,68,5.648
119,10,improbable,56,4.16
119,11,unexpected,56,3.469
119,12,confident,31,2.69
119,13,definite,30,3.166
119,14,possible,55,3.534
119,15,questionable,54,3.209
119,16,frequent,36,2.27
119,17,ambiguous,50,2.336
119,18,inevitable,44,3.61
121,1,uncertain,52,21.474
121,2,risky,67,9.873
121,3,ambiguous,70,4.376
121,4,unknown,42,6.416
121,5,erratic,68,4.683
121,6,inevitable,75,6.063
121,7,doubtful,77,3.378
121,8,definite,100,4.33
121,9,frequent,70,2.77
121,10,possible,63,3.48
121,11,improbable,38,4.56
121,12,vague,39,2.545
121,13,predictable,70,3.9
121,14,likely,31,5.758
121,15,confident,20,2.299
121,16,questionable,22,1.967
121,17,certain,25,2.525
121,18,unexpected,69,3.367
122,1,inevitable,71,16.08
122,2,certain,81,5.599
122,3,possible,67,8.186
122,4,unknown,76,7.086
122,5,vague,81,5.319
122,6,frequent,80,8.386
122,7,erratic,89,3.692
122,8,definite,78,7.006
122,9,unexpected,100,5.461
122,10,doubtful,77,3.391
122,11,ambiguous,79,4.143
122,12,confident,30,4.568
122,13,uncertain,80,4.473
122,14,predictable,28,5.336
122,15,improbable,78,6.134
122,16,risky,21,4.318
122,17,likely,61,6.031
122,18,questionable,61,3.836
123,1,improbable,30,24.575
123,2,questionable,45,22.372
123,3,predictable,25,7.72
123,4,possible,60,6.6
123,5,risky,30,4.333
123,6,unknown,70,3.531
123,7,likely,35,6.466
123,8,uncertain,75,4.42
123,9,frequent,80,5.434
123,10,erratic,85,6.2
123,11,definite,100,7.399
123,12,confident,20,4.502
123,13,inevitable,100,3.274
123,14,unexpected,20,3.894
123,15,vague,50,4.715
123,16,certain,100,3.044
123,17,ambiguous,50,4.243
123,18,doubtful,35,9.775
124,1,risky,68,16.568
124,2,confident,22,7.753
124,3,questionable,52,11.328
124,4,ambiguous,79,6.393
124,5,frequent,28,4.923
124,6,vague,70,5.78
124,7,improbable,41,6.363
124,8,unknown,66,6.937
124,9,possible,37,4.779
124,10,uncertain,67,4.649
124,11,erratic,70,4.589
124,12,predictable,36,4.332
124,13,definite,25,4.371
124,14,inevitable,73,4.456
124,15,certain,35,4.5
124,16,doubtful,63,4.014
124,17,unexpected,32,8.463
124,18,likely,31,4.462
125,1,unknown,75,13.201
125,2,erratic,4,5.068
125,3,questionable,31,72.073
125,4,unexpected,80,14.381
125,5,possible,31,3.611
125,6,risky,30,3.966
125,7,uncertain,78,5.311
125,8,confident,4,5.129
125,9,improbable,30,3.974
125,10,vague,29,3.973
125,11,predictable,29,6.136
125,12,inevitable,100,45.588
125,13,certain,35,5.818
125,14,frequent,60,3.685
125,15,ambiguous,100,3.184
125,16,likely,44,3.613
125,17,doubtful,77,3.959
125,18,definite,100,1.8
126,1,improbable,60,35.129
126,2,doubtful,40,19.913
126,3,risky,30,12.1
126,4,confident,30,12.029
126,5,definite,70,10.656
126,6,frequent,65,9.195
126,7,certain,45,9.296
126,8,inevitable,75,9.57
126,9,vague,35,11.458
126,10,possible,55,11.701
126,11,unknown,30,10.184
126,12,erratic,55,11.952
126,13,predictable,60,8.586
126,14,uncertain,40,10
126,15,ambiguous,45,9.838
126,16,likely,60,8.332
126,17,questionable,40,8.221
126,18,unexpected,60,8.78
127,1,doubtful,76,7.353
127,2,erratic,64,8.202
127,3,inevitable,33,3.36
127,4,frequent,37,3.658
127,5,ambiguous,41,6.41
127,6,unknown,75,4.148
127,7,unexpected,77,2.304
127,8,uncertain,63,2.033
127,9,confident,36,3.662
127,10,certain,22,3.397
127,11,predictable,40,3.437
127,12,improbable,59,4.333
127,13,risky,61,4.129
127,14,vague,68,6.599
127,15,possible,30,2.342
127,16,likely,35,5.188
127,17,questionable,60,2.66
127,18,definite,16,1.979
129,1,likely,30,15.372
129,2,uncertain,91,5.8
129,3,definite,10,7.328
129,4,certain,8,5.696
129,5,risky,95,5.586
129,6,erratic,90,4.384
129,7,unexpected,82,5.754
129,8,questionable,58,5.908
129,9,improbable,16,6.25
129,10,doubtful,5,4.688
129,11,possible,7,5.441
129,12,unknown,78,394.25
129,13,inevitable,6,7.409
129,14,vague,74,6.642
129,15,confident,2,11.677
129,16,ambiguous,86,4.675
129,17,predictable,1,3.351
129,18,frequent,31,5.223
130,1,risky,85,23.982
130,2,uncertain,94,4.505
130,3,definite,7,3.577
130,4,unknown,98,2.997
130,5,likely,7,4.022
130,6,doubtful,9,5.725
130,7,predictable,93,5.613
130,8,possible,89,6.729
130,9,improbable,89,4.074
130,10,certain,10,3.912
130,11,unexpected,94,3.174
130,12,ambiguous,91,3.394
130,13,inevitable,94,3.612
130,14,frequent,93,4.409
130,15,confident,1,6.096
130,16,questionable,88,2.63
130,17,erratic,73,4.746
130,18,vague,97,3.306
131,1,doubtful,0,11.24
131,2,vague,51,6.952
131,3,frequent,52,6.953
131,4,possible,52,4.254
131,5,improbable,51,6.582
131,6,definite,69,4.804
131,7,uncertain,1,3.469
131,8,erratic,52,5.112
131,9,likely,51,8.251
131,10,ambiguous,52,21.232
131,11,risky,53,3.812
131,12,unknown,50,4.859
131,13,unexpected,100,3.12
131,14,inevitable,51,3.737
131,15,questionable,51,9.247
131,16,confident,0,7.622
131,17,predictable,52,3.456
131,18,certain,5,3.561
133,1,improbable,85,24.964
133,2,uncertain,90,10.013
133,3,vague,18,9.679
133,4,inevitable,26,7.715
133,5,frequent,26,9.629
133,6,definite,17,4.144
133,7,ambiguous,87,3.805
133,8,erratic,82,2.776
133,9,predictable,17,4.229
133,10,certain,19,2.863
133,11,confident,26,3.248
133,12,doubtful,87,2.933
133,13,unknown,16,4.347
133,14,unexpected,82,2.756
133,15,questionable,82,4.45
133,16,risky,90,2.658
133,17,likely,14,2.712
133,18,possible,32,4.821
135,1,unexpected,91,50.878
135,2,frequent,71,6.239
135,3,vague,11,9.688
135,4,inevitable,82,31.293
135,5,improbable,30,43.504
135,6,confident,2,6.721
135,7,questionable,7,7.364
135,8,possible,8,4.711
135,9,erratic,20,5.634
135,10,ambiguous,19,3.56
135,11,unknown,2,5.647
135,12,likely,70,8.192
135,13,predictable,71,3.698
135,14,definite,90,5.223
135,15,risky,71,6.052
135,16,certain,91,5.542
135,17,doubtful,14,141.964
135,18,uncertain,10,4.207
136,1,uncertain,19,54.522
136,2,confident,9,5.354
136,3,possible,9,5.634
136,4,ambiguous,81,4.715
136,5,questionable,90,2.915
136,6,unknown,89,3.251
136,7,unexpected,86,3.734
136,8,erratic,93,2.853
136,9,improbable,98,3.637
136,10,risky,95,2.464
136,11,likely,26,4.522
136,12,certain,5,3.559
136,13,predictable,65,6.655
136,14,inevitable,85,5.607
136,15,frequent,92,3.134
136,16,vague,24,4.294
136,17,definite,87,2.726
136,18,doubtful,24,3.91
137,1,doubtful,59,4.319
137,2,ambiguous,75,2.925
137,3,definite,83,5.918
137,4,frequent,43,3.754
137,5,unexpected,74,3.322
137,6,uncertain,71,2.868
137,7,risky,58,2.558
137,8,likely,58,2.35
137,9,certain,34,4.469
137,10,predictable,30,2.577
137,11,erratic,62,3.815
137,12,questionable,58,2.472
137,13,vague,58,2.254
137,14,possible,43,2.784
137,15,confident,37,2.328
137,16,improbable,59,3.889
137,17,inevitable,62,4.733
137,18,unknown,80,5.348
138,1,possible,76,57.215
138,2,questionable,36,24.908
138,3,risky,79,23.255
138,4,predictable,70,13.2
138,5,definite,71,31.978
138,6,improbable,44,103.564
138,7,confident,24,17.272
138,8,certain,59,46.867
138,9,uncertain,19,16.727
138,10,ambiguous,22,9.007
138,11,unknown,21,9.295
138,12,vague,30,10.099
138,13,unexpected,20,6.892
138,14,erratic,85,17.858
138,15,frequent,92,14.206
138,16,inevitable,80,17.767
138,17,likely,41,19.036
138,18,doubtful,22,5.212
139,1,ambiguous,3,14.829
139,2,questionable,99,6.972
139,3,vague,6,190.559
139,4,possible,92,10.066
139,5,unexpected,88,53.653
139,6,certain,6,77.201
139,7,predictable,81,7.769
139,8,doubtful,13,9.391
139,9,improbable,81,19.028
139,10,unknown,72,8.084
139,11,definite,66,7.187
139,12,confident,14,8.603
139,13,risky,73,8.811
139,14,erratic,71,8.016
139,15,frequent,71,6.875
139,16,inevitable,86,7.18
139,17,likely,72,7.427
139,18,uncertain,18,6.992
140,1,possible,80,16.314
140,2,questionable,30,5.01
140,3,unknown,90,6.914
140,4,vague,60,20.001
140,5,certain,30,7.656
140,6,uncertain,70,18.087
140,7,inevitable,90,22.544
140,8,erratic,30,5.917
140,9,unexpected,90,9.917
140,10,frequent,30,4.507
140,11,ambiguous,30,12.675
140,12,predictable,20,8.046
140,13,risky,11,8.549
140,14,doubtful,19,2.849
140,15,improbable,70,3.874
140,16,likely,71,2.69
140,17,definite,19,17.929
140,18,confident,10,7.43
141,1,frequent,39,11.657
141,2,inevitable,79,3.152
141,3,definite,64,5.307
141,4,questionable,38,2.9
141,5,risky,35,2.858
141,6,erratic,36,6.24
141,7,vague,38,2.884
141,8,ambiguous,34,8.218
141,9,unexpected,38,2.865
141,10,likely,34,2.874
141,11,unknown,41,3.522
141,12,certain,65,2.443
141,13,possible,40,2.451
141,14,doubtful,27,2.906
141,15,uncertain,31,2.631
141,16,confident,26,2.482
141,17,predictable,38,4.362
141,18,improbable,69,3.287
143,1,inevitable,91,32.241
143,2,unexpected,82,25.049
143,3,predictable,30,9.264
143,4,uncertain,82,8.625
143,5,definite,52,21.046
143,6,certain,41,16.915
143,7,frequent,54,24.911
143,8,doubtful,10,10.208
143,9,confident,9,9.1
143,10,unknown,71,12.826
143,11,questionable,41,15.916
143,12,risky,62,65.721
143,13,vague,53,14.616
143,14,likely,61,26.59
143,15,erratic,48,37.984
143,16,ambiguous,40,24.793
143,17,improbable,78,22.116
143,18,possible,60,7.876
145,1,questionable,51,15.514
145,2,doubtful,50,8.279
145,3,unknown,100,5.272
145,4,certain,0,9.731
145,5,confident,0,3.365
145,6,ambiguous,50,3.935
145,7,likely,30,12.387
145,8,vague,50,8.604
145,9,uncertain,50,6.04
145,10,possible,100,11.423
145,11,inevitable,100,6.199
145,12,definite,0,6.477
145,13,frequent,0,3.377
145,14,improbable,100,3.467
145,15,predictable,0,3.219
145,16,unexpected,100,2.674
145,17,erratic,50,4.914
145,18,risky,80,5.954
146,1,ambiguous,11,8.71
146,2,vague,94,5.077
146,3,questionable,91,5.967
146,4,predictable,93,3.429
146,5,uncertain,11,3.483
146,6,improbable,10,27.136
146,7,inevitable,92,7.186
146,8,erratic,90,3.963
146,9,possible,9,14.992
146,10,confident,6,13.036
146,11,doubtful,11,7.316
146,12,unexpected,82,15.95
146,13,certain,4,15.882
146,14,likely,22,18.394
146,15,definite,81,20.163
146,16,risky,92,13.285
146,17,unknown,88,3.265
146,18,frequent,89,11.085
148,1,inevitable,42,13.911
148,2,uncertain,15,2.751
148,3,predictable,22,2.259
148,4,definite,79,2.817
148,5,possible,76,1.685
148,6,questionable,21,2.319
148,7,erratic,92,2.562
148,8,improbable,88,1.384
148,9,frequent,22,2.63
148,10,risky,93,2.35
148,11,certain,19,1.968
148,12,confident,91,51.803
148,13,vague,93,17.264
148,14,ambiguous,9,3.447
148,15,doubtful,94,15.898
148,16,likely,93,224.738
148,17,unknown,96,2.079
148,18,unexpected,93,1.026
149,1,vague,50,9.918
149,2,confident,50,4.851
149,3,improbable,100,5.703
149,4,possible,82,2.37
149,5,certain,100,3.442
149,6,definite,100,2.25
149,7,ambiguous,50,3.609
149,8,likely,71,3.663
149,9,unexpected,40,4.471
149,10,frequent,76,2.319
149,11,unknown,51,4.174
149,12,uncertain,51,2.167
149,13,erratic,89,3.075
149,14,questionable,54,2.394
149,15,predictable,91,2.374
149,16,doubtful,66,2.282
149,17,risky,37,6.364
149,18,inevitable,79,2.468
150,1,risky,78,45.464
150,2,ambiguous,66,7.068
150,3,frequent,42,4.948
150,4,unknown,41,27.672
150,5,doubtful,34,6.976
150,6,erratic,58,3.729
150,7,definite,23,4.196
150,8,likely,38,2.725
150,9,uncertain,63,2.601
150,10,unexpected,60,2.731
150,11,vague,67,3.8
150,12,inevitable,36,2.757
150,13,certain,13,4.512
150,14,confident,9,9.331
150,15,improbable,66,3.378
150,16,questionable,63,2.636
150,17,possible,41,2.717
150,18,predictable,35,3.754
151,1,possible,86,12.234
151,2,definite,93,10.357
151,3,frequent,51,5.411
151,4,improbable,88,6.9
151,5,likely,90,4.901
151,6,vague,50,5.878
151,7,unknown,50,5.626
151,8,erratic,20,8.253
151,9,ambiguous,49,6.752
151,10,inevitable,90,6.669
151,11,risky,22,5.775
151,12,uncertain,51,8.783
151,13,predictable,77,9.037
151,14,unexpected,88,215.137
151,15,doubtful,51,3.793
151,16,confident,19,6.079
151,17,questionable,51,2.945
151,18,certain,51,3.527
152,1,risky,70,11.588
152,2,erratic,50,10.329
152,3,frequent,70,2.56
152,4,doubtful,56,3.848
152,5,certain,65,2.494
152,6,questionable,71,2.649
152,7,uncertain,66,3.686
152,8,predictable,41,7.91
152,9,improbable,40,3.625
152,10,inevitable,70,8.458
152,11,vague,61,3.305
152,12,likely,70,19.793
152,13,definite,59,2.648
152,14,possible,86,4.087
152,15,confident,91,4.248
152,16,unknown,55,4.215
152,17,unexpected,60,6.954
152,18,ambiguous,73,2.535
153,1,inevitable,87,9.456
153,2,possible,87,4.921
153,3,confident,15,3.366
153,4,definite,33,8.497
153,5,questionable,74,1.855
153,6,predictable,64,3.427
153,7,uncertain,76,1.995
153,8,unknown,69,6.883
153,9,frequent,37,5.386
153,10,vague,77,8.619
153,11,ambiguous,82,11.86
153,12,likely,43,2.646
153,13,doubtful,69,15.756
153,14,certain,29,3.899
153,15,risky,68,1.851
153,16,improbable,64,6.773
153,17,unexpected,80,27.783
153,18,erratic,91,1.637
154,1,vague,84,9.876
154,2,unexpected,87,4.362
154,3,improbable,90,2.66
154,4,questionable,30,2.134
154,5,confident,21,2.43
154,6,certain,81,4.094
154,7,likely,13,3.245
154,8,predictable,18,1.966
154,9,uncertain,84,1.784
154,10,erratic,25,2.286
154,11,risky,19,1.931
154,12,unknown,1,2.458
154,13,inevitable,63,2.774
154,14,frequent,51,2.618
154,15,doubtful,41,1.79
154,16,definite,30,4.136
154,17,possible,3,4.286
154,18,ambiguous,100,2.143
156,1,improbable,51,15.177
156,2,uncertain,38,7.976
156,3,questionable,38,6.74
156,4,unexpected,62,4.474
156,5,ambiguous,51,3.627
156,6,definite,51,8.719
156,7,likely,49,3.958
156,8,inevitable,79,3.504
156,9,confident,25,3.114
156,10,doubtful,39,4.008
156,11,certain,51,2.79
156,12,predictable,61,3.983
156,13,vague,51,3.617
156,14,unknown,51,4.928
156,15,possible,41,5.393
156,16,frequent,55,3.157
156,17,risky,35,3.867
156,18,erratic,51,2.806
157,1,definite,100,6.429
157,2,erratic,51,3.257
157,3,ambiguous,50,2.664
157,4,uncertain,50,2.559
157,5,inevitable,100,3.146
157,6,unexpected,77,8.181
157,7,frequent,66,4.615
157,8,confident,29,5.135
157,9,doubtful,50,3.123
157,10,vague,50,2.569
157,11,certain,34,4.195
157,12,unknown,26,2.866
157,13,improbable,88,2.721
157,14,possible,66,3.847
157,15,questionable,50,2.523
157,16,predictable,75,2.111
157,17,risky,77,5.097
157,18,likely,81,4.311
158,1,ambiguous,100,13.766
158,2,risky,50,10.489
158,3,vague,25,17.585
158,4,confident,5,6.192
158,5,unexpected,100,2.483
158,6,certain,0,2.519
158,7,unknown,100,1.783
158,8,improbable,90,11.231
158,9,predictable,5,5.399
158,10,erratic,100,9.146
158,11,likely,25,3.696
158,12,uncertain,50,6.768
158,13,questionable,50,4.207
158,14,doubtful,15,6.956
158,15,inevitable,0,2.673
158,16,definite,0,1.898
158,17,possible,50,4.153
158,18,frequent,50,6.392
159,1,questionable,70,13.189
159,2,unexpected,86,7.763
159,3,definite,100,5.181
159,4,confident,15,6.872
159,5,likely,36,6.203
159,6,ambiguous,71,5.461
159,7,vague,74,2.109
159,8,erratic,100,3.63
159,9,unknown,10,5.384
159,10,certain,33,10.146
159,11,doubtful,24,5.789
159,12,improbable,91,4.088
159,13,frequent,100,2.373
159,14,possible,61,5.241
159,15,inevitable,100,2.326
159,16,predictable,34,4.782
159,17,risky,28,3.478
159,18,uncertain,35,4.116
160,1,questionable,29,2.891
160,2,vague,27,2.221
160,3,ambiguous,71,1.701
160,4,risky,24,1.518
160,5,frequent,65,2.159
160,6,possible,67,1.394
160,7,confident,78,2.425
160,8,predictable,83,1.444
160,9,likely,81,1.107
160,10,unexpected,30,1.509
160,11,improbable,29,1.208
160,12,certain,90,1.354
160,13,erratic,74,2.51
160,14,doubtful,81,10.062
160,15,inevitable,80,1.219
160,16,definite,83,1.153
160,17,unknown,21,2.561
160,18,uncertain,22,1.678
161,1,improbable,55,12.636
161,2,possible,50,5.704
161,3,definite,40,4.876
161,4,frequent,55,15.806
161,5,confident,30,5.605
161,6,risky,40,5.038
161,7,unknown,50,9.349
161,8,vague,40,7.843
161,9,likely,37,3.266
161,10,doubtful,38,4.043
161,11,predictable,50,4.779
161,12,unexpected,46,5.685
161,13,inevitable,45,8.237
161,14,uncertain,50,4.204
161,15,ambiguous,44,2.489
161,16,questionable,37,2.818
161,17,certain,17,6.34
161,18,erratic,36,2.775
162,1,unknown,36,11.594
162,2,confident,31,7.738
162,3,frequent,69,4.229
162,4,ambiguous,50,4.214
162,5,vague,47,4.478
162,6,risky,84,2.669
162,7,uncertain,25,2.941
162,8,predictable,89,1.741
162,9,definite,61,5.299
162,10,questionable,36,2.462
162,11,doubtful,26,1.991
162,12,certain,68,2.919
162,13,inevitable,65,2.349
162,14,erratic,93,42.556
162,15,likely,51,5.286
162,16,possible,64,3.155
162,17,unexpected,30,3.119
162,18,improbable,35,2.218
163,1,doubtful,15,19.815
163,2,improbable,86,7.096
163,3,predictable,100,11.67
163,4,risky,92,6.11
163,5,erratic,88,6.921
163,6,unknown,0,5.098
163,7,vague,19,5.281
163,8,uncertain,94,4.106
163,9,certain,0,5.381
163,10,ambiguous,7,8.025
163,11,questionable,8,4.234
163,12,definite,97,6.692
163,13,frequent,100,9.607
163,14,confident,0,3.79
163,15,likely,100,3.134
163,16,inevitable,100,2.759
163,17,unexpected,3,4.752
163,18,possible,84,3.457
165,1,ambiguous,78,18.055
165,2,inevitable,97,4.774
165,3,doubtful,38,4.351
165,4,possible,51,5.119
165,5,uncertain,82,3.678
165,6,improbable,70,7.521
165,7,risky,15,3.777
165,8,definite,0,4.952
165,9,frequent,15,3.66
165,10,confident,0,2.523
165,11,questionable,87,2.836
165,12,predictable,64,3.342
165,13,likely,52,2.723
165,14,certain,12,3.85
165,15,erratic,18,31.49
165,16,vague,4,11.141
165,17,unexpected,100,5.703
165,18,unknown,93,3.142
166,1,unexpected,70,14.601
166,2,questionable,60,25.325
166,3,confident,70,22.582
166,4,vague,55,14.917
166,5,unknown,65,16.56
166,6,risky,60,28.004
166,7,predictable,75,8.148
166,8,inevitable,70,6.494
166,9,doubtful,65,10.179
166,10,likely,70,12.699
166,11,possible,70,5.992
166,12,certain,70,4.917
166,13,definite,70,9.395
166,14,uncertain,60,9.5
166,15,erratic,55,19.386
166,16,frequent,68,10.857
166,17,ambiguous,66,31.377
166,18,improbable,70,11.855
168,1,definite,22,25.028
168,2,possible,100,3
168,3,erratic,60,5.491
168,4,doubtful,73,3.848
168,5,likely,28,7.024
168,6,unknown,94,3.706
168,7,unexpected,100,3.366
168,8,predictable,27,7.807
168,9,inevitable,12,5.607
168,10,ambiguous,95,6.611
168,11,uncertain,22,2.748
168,12,frequent,96,5.078
168,13,confident,22,2.927
168,14,vague,59,3.843
168,15,risky,11,3.163
168,16,certain,51,4.682
168,17,questionable,18,4.32
168,18,improbable,64,4.814
169,1,predictable,83,10.818
169,2,uncertain,41,14.3
169,3,definite,90,14.854
169,4,questionable,34,3.754
169,5,likely,73,3.474
169,6,ambiguous,71,4.016
169,7,unknown,100,3.247
169,8,certain,19,3.649
169,9,erratic,100,4.029
169,10,vague,50,3.858
169,11,improbable,63,3.016
169,12,inevitable,100,3.159
169,13,unexpected,68,2.834
169,14,confident,0,2.657
169,15,possible,63,3.858
169,16,doubtful,35,2.348
169,17,frequent,16,2.679
169,18,risky,39,4.869
170,1,predictable,84,15.202
170,2,certain,5,6.39
170,3,definite,7,3.357
170,4,unexpected,80,6.989
170,5,possible,18,5.077
170,6,improbable,79,4.44
170,7,ambiguous,87,3.531
170,8,unknown,81,2.029
170,9,risky,14,3.575
170,10,erratic,23,6.934
170,11,frequent,22,11.684
170,12,questionable,78,3.7
170,13,vague,79,2.031
170,14,likely,9,2.338
170,15,doubtful,81,3.35
170,16,confident,6,2.876
170,17,inevitable,90,3.58
170,18,uncertain,80,3.601
171,1,uncertain,70,16.918
171,2,improbable,80,4.819
171,3,doubtful,10,2.795
171,4,vague,40,3.21
171,5,predictable,20,4.118
171,6,definite,10,4.268
171,7,frequent,0,3.599
171,8,questionable,70,3.493
171,9,unexpected,91,3.884
171,10,erratic,88,2.089
171,11,possible,59,4.225
171,12,inevitable,100,2.499
171,13,ambiguous,50,4.232
171,14,certain,20,5.857
171,15,likely,70,8.537
171,16,risky,90,5.14
171,17,unknown,5,6.734
171,18,confident,10,4.59
174,1,doubtful,50,11.227
174,2,vague,56,5.839
174,3,inevitable,30,3.568
174,4,risky,60,5.301
174,5,likely,58,3.958
174,6,unknown,82,4.313
174,7,frequent,76,4.53
174,8,certain,50,3.894
174,9,uncertain,65,6.748
174,10,erratic,60,3.8
174,11,unexpected,70,7.922
174,12,confident,50,6.275
174,13,possible,60,4.858
174,14,improbable,55,4.128
174,15,questionable,35,5.2
174,16,ambiguous,50,7.503
174,17,predictable,45,6.522
174,18,definite,72,6.438
175,1,questionable,50,22.318
175,2,confident,0,45.948
175,3,ambiguous,91,8.046
175,4,unexpected,92,7.172
175,5,certain,5,7.688
175,6,definite,5,7.885
175,7,doubtful,94,6.371
175,8,inevitable,18,9.134
175,9,vague,93,6.554
175,10,likely,9,7.257
175,11,improbable,89,11.181
175,12,predictable,7,10.099
175,13,unknown,91,6.857
175,14,uncertain,92,6.482
175,15,frequent,7,6.6
175,16,risky,92,5.13
175,17,erratic,92,5.813
175,18,possible,49,15.579
